Region;Week;Visits;shop_id
Noord;2023-12-31 To 2024-01-06;45.654;;
Noord;2024-01-07 To 2024-01-13;42.737;;
Noord;2024-01-14 To 2024-01-20;43.931;;
Noord;2024-01-21 To 2024-01-27;44.982;;
Noord;2024-01-28 To 2024-02-03;47.599;;
Noord;2024-02-04 To 2024-02-10;49.835;;
Noord;2024-02-11 To 2024-02-17;46.039;;
Noord;2024-02-18 To 2024-02-24;44.51;;
Noord;2024-02-25 To 2024-03-02;42.758;;
Noord;2024-03-03 To 2024-03-09;42.27;;
Noord;2024-03-10 To 2024-03-16;42.59;;
Noord;2024-03-17 To 2024-03-23;46.379;;
Noord;2024-03-24 To 2024-03-30;49.874;;
Noord;2024-03-31 To 2024-04-06;48.813;;
Noord;2024-04-07 To 2024-04-13;41.155;;
Noord;2024-04-14 To 2024-04-20;40.668;;
Noord;2024-04-21 To 2024-04-27;44.604;;
Noord;2024-04-28 To 2024-05-04;45.766;;
Noord;2024-05-05 To 2024-05-11;39.771;;
Noord;2024-05-12 To 2024-05-18;38.028;;
Noord;2024-05-19 To 2024-05-25;42.644;;
Noord;2024-05-26 To 2024-06-01;42.303;;
Noord;2024-06-02 To 2024-06-08;42.346;;
Noord;2024-06-09 To 2024-06-15;42.991;;
Noord;2024-06-16 To 2024-06-22;46.191;;
Noord;2024-06-23 To 2024-06-29;47.554;;
Noord;2024-06-30 To 2024-07-06;46.998;;
Noord;2024-07-07 To 2024-07-13;48.541;;
Noord;2024-07-14 To 2024-07-20;49.518;;
Noord;2024-07-21 To 2024-07-27;43.459;;
Noord;2024-07-28 To 2024-08-03;44.599;;
Noord;2024-08-04 To 2024-08-10;52.064;;
Noord;2024-08-11 To 2024-08-17;48.49;;
Noord;2024-08-18 To 2024-08-24;49.214;;
Noord;2024-08-25 To 2024-08-31;52.924;;
Noord;2024-09-01 To 2024-09-07;50.294;;
Noord;2024-09-08 To 2024-09-14;49.344;;
Noord;2024-09-15 To 2024-09-21;44.614;;
Noord;2024-09-22 To 2024-09-28;44.899;;
Noord;2024-09-29 To 2024-10-05;41.72;;
Noord;2024-10-06 To 2024-10-12;48.527;;
Noord;2024-10-13 To 2024-10-19;45.799;;
Noord;2024-10-20 To 2024-10-26;54.756;;
Noord;2024-10-27 To 2024-11-02;45.55;;
Noord;2024-11-03 To 2024-11-09;50.886;;
Noord;2024-11-10 To 2024-11-16;48.45;;
Noord;2024-11-17 To 2024-11-23;49.8;;
Noord;2024-11-24 To 2024-11-30;48.745;;
Noord;2024-12-01 To 2024-12-07;49.975;;
Noord;2024-12-08 To 2024-12-14;46.636;;
Noord;2024-12-15 To 2024-12-21;50.095;;
Noord;2024-12-22 To 2024-12-28;56.002;;
Noord;2024-12-29 To 2025-01-04;45.771;;
Noord;2025-01-05 To 2025-01-11;50.657;;
Noord;2025-01-12 To 2025-01-18;52.701;;
Noord;2025-01-19 To 2025-01-25;45.92;;
Noord;2025-01-26 To 2025-02-01;56.153;;
Noord;2025-02-02 To 2025-02-08;59.735;;
Noord;2025-02-09 To 2025-02-15;57.642;;
Noord;2025-02-16 To 2025-02-22;56.231;;
Noord;2025-02-23 To 2025-03-01;49.659;;
Noord;2025-03-02 To 2025-03-08;47.689;;
Noord;2025-03-09 To 2025-03-15;57.8;;
Noord;2025-03-16 To 2025-03-22;52.651;;
Noord;2025-03-23 To 2025-03-29;50.902;;
Noord;2025-03-30 To 2025-04-05;52.325;;
Noord;2025-04-06 To 2025-04-12;54.583;;
Noord;2025-04-13 To 2025-04-19;49.055;;
Noord;2025-04-20 To 2025-04-26;52.143;;
Noord;2025-04-27 To 2025-05-03;47.637;;
Noord;2025-05-04 To 2025-05-10;59.06;;
Noord;2025-05-11 To 2025-05-17;41.144;;
Noord;2025-05-18 To 2025-05-24;44.02;;
Noord;2025-05-25 To 2025-05-31;51.06;;
Noord;2025-06-01 To 2025-06-07;44.494;;
Noord;2025-06-08 To 2025-06-14;30.996;;
Noord;2025-06-15 To 2025-06-21;35.493;;
Noord;2025-06-22 To 2025-06-28;48.185;;
Noord;2025-06-29 To 2025-07-05;45.421;;
Noord;2025-07-06 To 2025-07-12;48.809;;
Noord;2025-07-13 To 2025-07-19;59.509;;
Noord;2025-07-20 To 2025-07-26;56.533;;
Noord;2025-07-27 To 2025-08-02;60.966;;
Noord;2025-08-03 To 2025-08-09;60.384;;
Noord;2025-08-10 To 2025-08-16;43.941;;
Noord;2025-08-17 To 2025-08-23;49.756;;
Noord;2025-08-24 To 2025-08-30;54.823;;
Noord;2025-08-31 To 2025-09-06;53.962;;
Noord;2025-09-07 To 2025-09-13;48.068;;
Noord;2025-09-14 To 2025-09-20;43.771;;
Noord;2025-09-21 To 2025-09-27;51.253;;
Noord;2025-09-28 To 2025-10-04;59.876;;
Noord;2025-10-05 To 2025-10-11;54.085;;
Noord;2025-10-12 To 2025-10-18;42.078;;
Noord;2025-10-19 To 2025-10-25;60.497;;
Noord;2025-10-26 To 2025-11-01;66.606;;
Noord;2025-11-02 To 2025-11-08;61.871;;
Noord;2025-11-09 To 2025-11-15;50.312;;
Noord;2025-11-16 To 2025-11-22;54.989;;
Oost;2023-12-31 To 2024-01-06;70.411;;
Oost;2024-01-07 To 2024-01-13;71.415;;
Oost;2024-01-14 To 2024-01-20;76.636;;
Oost;2024-01-21 To 2024-01-27;73.568;;
Oost;2024-01-28 To 2024-02-03;72.57;;
Oost;2024-02-04 To 2024-02-10;69.68;;
Oost;2024-02-11 To 2024-02-17;71.543;;
Oost;2024-02-18 To 2024-02-24;71.704;;
Oost;2024-02-25 To 2024-03-02;71.711;;
Oost;2024-03-03 To 2024-03-09;72.017;;
Oost;2024-03-10 To 2024-03-16;72.987;;
Oost;2024-03-17 To 2024-03-23;65.894;;
Oost;2024-03-24 To 2024-03-30;80.759;;
Oost;2024-03-31 To 2024-04-06;82.776;;
Oost;2024-04-07 To 2024-04-13;79.809;;
Oost;2024-04-14 To 2024-04-20;76.958;;
Oost;2024-04-21 To 2024-04-27;64.679;;
Oost;2024-04-28 To 2024-05-04;70.678;;
Oost;2024-05-05 To 2024-05-11;71.786;;
Oost;2024-05-12 To 2024-05-18;72.511;;
Oost;2024-05-19 To 2024-05-25;79.518;;
Oost;2024-05-26 To 2024-06-01;79.084;;
Oost;2024-06-02 To 2024-06-08;76.832;;
Oost;2024-06-09 To 2024-06-15;75.673;;
Oost;2024-06-16 To 2024-06-22;88.505;;
Oost;2024-06-23 To 2024-06-29;85.762;;
Oost;2024-06-30 To 2024-07-06;80.877;;
Oost;2024-07-07 To 2024-07-13;78.781;;
Oost;2024-07-14 To 2024-07-20;72.376;;
Oost;2024-07-21 To 2024-07-27;75.489;;
Oost;2024-07-28 To 2024-08-03;73.236;;
Oost;2024-08-04 To 2024-08-10;70.353;;
Oost;2024-08-11 To 2024-08-17;70.001;;
Oost;2024-08-18 To 2024-08-24;66.934;;
Oost;2024-08-25 To 2024-08-31;73.629;;
Oost;2024-09-01 To 2024-09-07;66.577;;
Oost;2024-09-08 To 2024-09-14;76.037;;
Oost;2024-09-15 To 2024-09-21;79.173;;
Oost;2024-09-22 To 2024-09-28;73.614;;
Oost;2024-09-29 To 2024-10-05;75.932;;
Oost;2024-10-06 To 2024-10-12;78.466;;
Oost;2024-10-13 To 2024-10-19;68.962;;
Oost;2024-10-20 To 2024-10-26;69.579;;
Oost;2024-10-27 To 2024-11-02;65.256;;
Oost;2024-11-03 To 2024-11-09;79.551;;
Oost;2024-11-10 To 2024-11-16;74.269;;
Oost;2024-11-17 To 2024-11-23;78.79;;
Oost;2024-11-24 To 2024-11-30;68.459;;
Oost;2024-12-01 To 2024-12-07;75.121;;
Oost;2024-12-08 To 2024-12-14;80.664;;
Oost;2024-12-15 To 2024-12-21;82.021;;
Oost;2024-12-22 To 2024-12-28;80.333;;
Oost;2024-12-29 To 2025-01-04;78.249;;
Oost;2025-01-05 To 2025-01-11;71.05;;
Oost;2025-01-12 To 2025-01-18;73.167;;
Oost;2025-01-19 To 2025-01-25;77.038;;
Oost;2025-01-26 To 2025-02-01;72.904;;
Oost;2025-02-02 To 2025-02-08;71.998;;
Oost;2025-02-09 To 2025-02-15;72.286;;
Oost;2025-02-16 To 2025-02-22;86.881;;
Oost;2025-02-23 To 2025-03-01;80.91;;
Oost;2025-03-02 To 2025-03-08;72.055;;
Oost;2025-03-09 To 2025-03-15;69.57;;
Oost;2025-03-16 To 2025-03-22;66.782;;
Oost;2025-03-23 To 2025-03-29;70.337;;
Oost;2025-03-30 To 2025-04-05;76.273;;
Oost;2025-04-06 To 2025-04-12;68.099;;
Oost;2025-04-13 To 2025-04-19;83.213;;
Oost;2025-04-20 To 2025-04-26;72.31;;
Oost;2025-04-27 To 2025-05-03;68.322;;
Oost;2025-05-04 To 2025-05-10;83.247;;
Oost;2025-05-11 To 2025-05-17;84.267;;
Oost;2025-05-18 To 2025-05-24;85.474;;
Oost;2025-05-25 To 2025-05-31;105.126;;
Oost;2025-06-01 To 2025-06-07;96.472;;
Oost;2025-06-08 To 2025-06-14;97.442;;
Oost;2025-06-15 To 2025-06-21;94.729;;
Oost;2025-06-22 To 2025-06-28;85.844;;
Oost;2025-06-29 To 2025-07-05;83.301;;
Oost;2025-07-06 To 2025-07-12;104.547;;
Oost;2025-07-13 To 2025-07-19;106.864;;
Oost;2025-07-20 To 2025-07-26;115.86;;
Oost;2025-07-27 To 2025-08-02;109.823;;
Oost;2025-08-03 To 2025-08-09;97.995;;
Oost;2025-08-10 To 2025-08-16;96.976;;
Oost;2025-08-17 To 2025-08-23;93.297;;
Oost;2025-08-24 To 2025-08-30;78.245;;
Oost;2025-08-31 To 2025-09-06;78.038;;
Oost;2025-09-07 To 2025-09-13;96.394;;
Oost;2025-09-14 To 2025-09-20;88.589;;
Oost;2025-09-21 To 2025-09-27;127.255;;
Oost;2025-09-28 To 2025-10-04;112.375;;
Oost;2025-10-05 To 2025-10-11;104.722;;
Oost;2025-10-12 To 2025-10-18;84.002;;
Oost;2025-10-19 To 2025-10-25;106.042;;
Oost;2025-10-26 To 2025-11-01;98.998;;
Oost;2025-11-02 To 2025-11-08;116.174;;
Oost;2025-11-09 To 2025-11-15;106.743;;
Oost;2025-11-16 To 2025-11-22;89.106;;
Zuid;2023-12-31 To 2024-01-06;113.478;;
Zuid;2024-01-07 To 2024-01-13;111.424;;
Zuid;2024-01-14 To 2024-01-20;107.868;;
Zuid;2024-01-21 To 2024-01-27;112.487;;
Zuid;2024-01-28 To 2024-02-03;122.777;;
Zuid;2024-02-04 To 2024-02-10;114.86;;
Zuid;2024-02-11 To 2024-02-17;119.332;;
Zuid;2024-02-18 To 2024-02-24;126.187;;
Zuid;2024-02-25 To 2024-03-02;110.48;;
Zuid;2024-03-03 To 2024-03-09;103.987;;
Zuid;2024-03-10 To 2024-03-16;98.193;;
Zuid;2024-03-17 To 2024-03-23;110.124;;
Zuid;2024-03-24 To 2024-03-30;133.931;;
Zuid;2024-03-31 To 2024-04-06;127.534;;
Zuid;2024-04-07 To 2024-04-13;132.632;;
Zuid;2024-04-14 To 2024-04-20;106.416;;
Zuid;2024-04-21 To 2024-04-27;85.223;;
Zuid;2024-04-28 To 2024-05-04;86.954;;
Zuid;2024-05-05 To 2024-05-11;98.76;;
Zuid;2024-05-12 To 2024-05-18;105.206;;
Zuid;2024-05-19 To 2024-05-25;125.579;;
Zuid;2024-05-26 To 2024-06-01;136.499;;
Zuid;2024-06-02 To 2024-06-08;129.856;;
Zuid;2024-06-09 To 2024-06-15;127.1;;
Zuid;2024-06-16 To 2024-06-22;131.335;;
Zuid;2024-06-23 To 2024-06-29;126.386;;
Zuid;2024-06-30 To 2024-07-06;125.463;;
Zuid;2024-07-07 To 2024-07-13;120.981;;
Zuid;2024-07-14 To 2024-07-20;114.548;;
Zuid;2024-07-21 To 2024-07-27;128.344;;
Zuid;2024-07-28 To 2024-08-03;123.768;;
Zuid;2024-08-04 To 2024-08-10;107.688;;
Zuid;2024-08-11 To 2024-08-17;110.654;;
Zuid;2024-08-18 To 2024-08-24;109.831;;
Zuid;2024-08-25 To 2024-08-31;112.929;;
Zuid;2024-09-01 To 2024-09-07;113.057;;
Zuid;2024-09-08 To 2024-09-14;119.022;;
Zuid;2024-09-15 To 2024-09-21;109.218;;
Zuid;2024-09-22 To 2024-09-28;119.645;;
Zuid;2024-09-29 To 2024-10-05;111.015;;
Zuid;2024-10-06 To 2024-10-12;102.568;;
Zuid;2024-10-13 To 2024-10-19;101.515;;
Zuid;2024-10-20 To 2024-10-26;104.555;;
Zuid;2024-10-27 To 2024-11-02;102.528;;
Zuid;2024-11-03 To 2024-11-09;107.423;;
Zuid;2024-11-10 To 2024-11-16;120.709;;
Zuid;2024-11-17 To 2024-11-23;127.5;;
Zuid;2024-11-24 To 2024-11-30;125.999;;
Zuid;2024-12-01 To 2024-12-07;119.686;;
Zuid;2024-12-08 To 2024-12-14;120.659;;
Zuid;2024-12-15 To 2024-12-21;119.701;;
Zuid;2024-12-22 To 2024-12-28;131.001;;
Zuid;2024-12-29 To 2025-01-04;125.942;;
Zuid;2025-01-05 To 2025-01-11;127.888;;
Zuid;2025-01-12 To 2025-01-18;132.425;;
Zuid;2025-01-19 To 2025-01-25;133.343;;
Zuid;2025-01-26 To 2025-02-01;131.652;;
Zuid;2025-02-02 To 2025-02-08;138.306;;
Zuid;2025-02-09 To 2025-02-15;118.812;;
Zuid;2025-02-16 To 2025-02-22;131.0;;
Zuid;2025-02-23 To 2025-03-01;112.758;;
Zuid;2025-03-02 To 2025-03-08;94.16;;
Zuid;2025-03-09 To 2025-03-15;101.065;;
Zuid;2025-03-16 To 2025-03-22;82.92;;
Zuid;2025-03-23 To 2025-03-29;119.717;;
Zuid;2025-03-30 To 2025-04-05;112.908;;
Zuid;2025-04-06 To 2025-04-12;109.899;;
Zuid;2025-04-13 To 2025-04-19;116.476;;
Zuid;2025-04-20 To 2025-04-26;97.884;;
Zuid;2025-04-27 To 2025-05-03;86.906;;
Zuid;2025-05-04 To 2025-05-10;125.832;;
Zuid;2025-05-11 To 2025-05-17;142.741;;
Zuid;2025-05-18 To 2025-05-24;156.886;;
Zuid;2025-05-25 To 2025-05-31;144.348;;
Zuid;2025-06-01 To 2025-06-07;140.7;;
Zuid;2025-06-08 To 2025-06-14;123.522;;
Zuid;2025-06-15 To 2025-06-21;127.932;;
Zuid;2025-06-22 To 2025-06-28;131.431;;
Zuid;2025-06-29 To 2025-07-05;141.677;;
Zuid;2025-07-06 To 2025-07-12;132.397;;
Zuid;2025-07-13 To 2025-07-19;150.963;;
Zuid;2025-07-20 To 2025-07-26;147.301;;
Zuid;2025-07-27 To 2025-08-02;183.016;;
Zuid;2025-08-03 To 2025-08-09;147.015;;
Zuid;2025-08-10 To 2025-08-16;123.789;;
Zuid;2025-08-17 To 2025-08-23;109.659;;
Zuid;2025-08-24 To 2025-08-30;95.655;;
Zuid;2025-08-31 To 2025-09-06;107.01;;
Zuid;2025-09-07 To 2025-09-13;99.898;;
Zuid;2025-09-14 To 2025-09-20;113.81;;
Zuid;2025-09-21 To 2025-09-27;144.249;;
Zuid;2025-09-28 To 2025-10-04;123.428;;
Zuid;2025-10-05 To 2025-10-11;102.417;;
Zuid;2025-10-12 To 2025-10-18;101.452;;
Zuid;2025-10-19 To 2025-10-25;98.919;;
Zuid;2025-10-26 To 2025-11-01;155.131;;
Zuid;2025-11-02 To 2025-11-08;162.961;;
Zuid;2025-11-09 To 2025-11-15;159.567;;
Zuid;2025-11-16 To 2025-11-22;158.069;;
West;2023-12-31 To 2024-01-06;16.725;;
West;2024-01-07 To 2024-01-13;17.578;;
West;2024-01-14 To 2024-01-20;20.11;;
West;2024-01-21 To 2024-01-27;18.746;;
West;2024-01-28 To 2024-02-03;20.055;;
West;2024-02-04 To 2024-02-10;23.472;;
West;2024-02-11 To 2024-02-17;26.412;;
West;2024-02-18 To 2024-02-24;21.51;;
West;2024-02-25 To 2024-03-02;22.359;;
West;2024-03-03 To 2024-03-09;18.116;;
West;2024-03-10 To 2024-03-16;20.859;;
West;2024-03-17 To 2024-03-23;18.96;;
West;2024-03-24 To 2024-03-30;20.077;;
West;2024-03-31 To 2024-04-06;20.204;;
West;2024-04-07 To 2024-04-13;21.661;;
West;2024-04-14 To 2024-04-20;17.77;;
West;2024-04-21 To 2024-04-27;14.262;;
West;2024-04-28 To 2024-05-04;19.304;;
West;2024-05-05 To 2024-05-11;17.906;;
West;2024-05-12 To 2024-05-18;20.21;;
West;2024-05-19 To 2024-05-25;21.431;;
West;2024-05-26 To 2024-06-01;24.569;;
West;2024-06-02 To 2024-06-08;23.696;;
West;2024-06-09 To 2024-06-15;19.718;;
West;2024-06-16 To 2024-06-22;25.686;;
West;2024-06-23 To 2024-06-29;20.728;;
West;2024-06-30 To 2024-07-06;20.899;;
West;2024-07-07 To 2024-07-13;19.064;;
West;2024-07-14 To 2024-07-20;15.963;;
West;2024-07-21 To 2024-07-27;19.39;;
West;2024-07-28 To 2024-08-03;19.596;;
West;2024-08-04 To 2024-08-10;19.18;;
West;2024-08-11 To 2024-08-17;15.781;;
West;2024-08-18 To 2024-08-24;18.562;;
West;2024-08-25 To 2024-08-31;17.665;;
West;2024-09-01 To 2024-09-07;18.275;;
West;2024-09-08 To 2024-09-14;18.788;;
West;2024-09-15 To 2024-09-21;20.164;;
West;2024-09-22 To 2024-09-28;20.019;;
West;2024-09-29 To 2024-10-05;18.329;;
West;2024-10-06 To 2024-10-12;18.075;;
West;2024-10-13 To 2024-10-19;14.842;;
West;2024-10-20 To 2024-10-26;14.768;;
West;2024-10-27 To 2024-11-02;16.898;;
West;2024-11-03 To 2024-11-09;18.735;;
West;2024-11-10 To 2024-11-16;19.227;;
West;2024-11-17 To 2024-11-23;17.976;;
West;2024-11-24 To 2024-11-30;18.355;;
West;2024-12-01 To 2024-12-07;21.912;;
West;2024-12-08 To 2024-12-14;18.568;;
West;2024-12-15 To 2024-12-21;17.807;;
West;2024-12-22 To 2024-12-28;19.239;;
West;2024-12-29 To 2025-01-04;18.601;;
West;2025-01-05 To 2025-01-11;18.339;;
West;2025-01-12 To 2025-01-18;19.124;;
West;2025-01-19 To 2025-01-25;19.222;;
West;2025-01-26 To 2025-02-01;20.432;;
West;2025-02-02 To 2025-02-08;16.458;;
West;2025-02-09 To 2025-02-15;20.248;;
West;2025-02-16 To 2025-02-22;21.366;;
West;2025-02-23 To 2025-03-01;18.4;;
West;2025-03-02 To 2025-03-08;18.258;;
West;2025-03-09 To 2025-03-15;16.935;;
West;2025-03-16 To 2025-03-22;17.093;;
West;2025-03-23 To 2025-03-29;27.994;;
West;2025-03-30 To 2025-04-05;20.097;;
West;2025-04-06 To 2025-04-12;19.345;;
West;2025-04-13 To 2025-04-19;19.636;;
West;2025-04-20 To 2025-04-26;24.088;;
West;2025-04-27 To 2025-05-03;17.155;;
West;2025-05-04 To 2025-05-10;24.053;;
West;2025-05-11 To 2025-05-17;18.425;;
West;2025-05-18 To 2025-05-24;15.608;;
West;2025-05-25 To 2025-05-31;24.402;;
West;2025-06-01 To 2025-06-07;13.56;;
West;2025-06-08 To 2025-06-14;15.119;;
West;2025-06-15 To 2025-06-21;13.288;;
West;2025-06-22 To 2025-06-28;10.96;;
West;2025-06-29 To 2025-07-05;13.051;;
West;2025-07-06 To 2025-07-12;11.566;;
West;2025-07-13 To 2025-07-19;13.56;;
West;2025-07-20 To 2025-07-26;17.837;;
West;2025-07-27 To 2025-08-02;16.764;;
West;2025-08-03 To 2025-08-09;20.452;;
West;2025-08-10 To 2025-08-16;10.337;;
West;2025-08-17 To 2025-08-23;11.672;;
West;2025-08-24 To 2025-08-30;17.179;;
West;2025-08-31 To 2025-09-06;14.192;;
West;2025-09-07 To 2025-09-13;15.394;;
West;2025-09-14 To 2025-09-20;18.042;;
West;2025-09-21 To 2025-09-27;24.401;;
West;2025-09-28 To 2025-10-04;23.345;;
West;2025-10-05 To 2025-10-11;11.613;;
West;2025-10-12 To 2025-10-18;10.83;;
West;2025-10-19 To 2025-10-25;15.63;;
West;2025-10-26 To 2025-11-01;30.332;;
West;2025-11-02 To 2025-11-08;24.401;;
West;2025-11-09 To 2025-11-15;17.837;;
West;2025-11-16 To 2025-11-22;17.179;;
East;2023-10-01 To 2023-10-07;127492;22601
East;2023-10-08 To 2023-10-14;123915;22601
East;2023-10-15 To 2023-10-21;115988;22601
East;2023-10-22 To 2023-10-28;116211;22601
East;2023-10-29 To 2023-11-04;181811;22601
East;2023-11-05 To 2023-11-11;177408;22601
East;2023-11-12 To 2023-11-18;182683;22601
East;2023-11-19 To 2023-11-25;201389;22601
East;2023-11-26 To 2023-12-02;191052;22601
East;2023-12-03 To 2023-12-09;178562;22601
East;2023-12-10 To 2023-12-16;166650;22601
East;2023-12-17 To 2023-12-23;164147;22601
East;2023-12-24 To 2023-12-30;176809;22601
East;2023-12-31 To 2024-01-06;182122;22601
East;2024-01-07 To 2024-01-13;186521;22601
East;2024-01-14 To 2024-01-20;181045;22601
East;2024-01-21 To 2024-01-27;190375;22601
East;2024-01-28 To 2024-02-03;173375;22601
East;2024-02-04 To 2024-02-10;160502;22601
East;2024-02-11 To 2024-02-17;157754;22601
East;2024-02-18 To 2024-02-24;164925;22601
East;2024-02-25 To 2024-03-02;160866;22601
East;2024-03-03 To 2024-03-09;155532;22601
East;2024-03-10 To 2024-03-16;165531;22601
East;2024-03-17 To 2024-03-23;153507;22601
East;2024-03-24 To 2024-03-30;179925;22601
East;2024-03-31 To 2024-04-06;196974;22601
East;2024-04-07 To 2024-04-13;197144;22601
East;2024-04-14 To 2024-04-20;209866;22601
East;2024-04-21 To 2024-04-27;163560;22601
East;2024-04-28 To 2024-05-04;179029;22601
East;2024-05-05 To 2024-05-11;166588;22601
East;2024-05-12 To 2024-05-18;190102;22601
East;2024-05-19 To 2024-05-25;211084;22601
East;2024-05-26 To 2024-06-01;212649;22601
East;2024-06-02 To 2024-06-08;219862;22601
East;2024-06-09 To 2024-06-15;186734;22601
East;2024-06-16 To 2024-06-22;213369;22601
East;2024-06-23 To 2024-06-29;209914;22601
East;2024-06-30 To 2024-07-06;198960;22601
East;2024-07-07 To 2024-07-13;186718;22601
East;2024-07-14 To 2024-07-20;162375;22601
East;2024-07-21 To 2024-07-27;156400;22601
East;2024-07-28 To 2024-08-03;157522;22601
East;2024-08-04 To 2024-08-10;157345;22601
East;2024-08-11 To 2024-08-17;148957;22601
East;2024-08-18 To 2024-08-24;161979;22601
East;2024-08-25 To 2024-08-31;180461;22601
East;2024-09-01 To 2024-09-07;159461;22601
East;2024-09-08 To 2024-09-14;161167;22601
East;2024-09-15 To 2024-09-21;165410;22601
East;2024-09-22 To 2024-09-28;170577;22601
East;2024-09-29 To 2024-10-05;157076;22601
East;2024-10-06 To 2024-10-12;178178;22601
East;2024-10-13 To 2024-10-19;166153;22601
East;2024-10-20 To 2024-10-26;171940;22601
East;2024-10-27 To 2024-11-02;155256;22601
East;2024-11-03 To 2024-11-09;174037;22601
East;2024-11-10 To 2024-11-16;197347;22601
East;2024-11-17 To 2024-11-23;199216;22601
East;2024-11-24 To 2024-11-30;186300;22601
East;2024-12-01 To 2024-12-07;197396;22601
East;2024-12-08 To 2024-12-14;179177;22601
East;2024-12-15 To 2024-12-21;196087;22601
East;2024-12-22 To 2024-12-28;167870;22601
East;2024-12-29 To 2025-01-04;166039;22601
East;2023-10-01 To 2023-10-07;66496;22604
East;2023-10-08 To 2023-10-14;69148;22604
East;2023-10-15 To 2023-10-21;71917;22604
East;2023-10-22 To 2023-10-28;75411;22604
East;2023-10-29 To 2023-11-04;81531;22604
East;2023-11-05 To 2023-11-11;75595;22604
East;2023-11-12 To 2023-11-18;70241;22604
East;2023-11-19 To 2023-11-25;74541;22604
East;2023-11-26 To 2023-12-02;82854;22604
East;2023-12-03 To 2023-12-09;72450;22604
East;2023-12-10 To 2023-12-16;74595;22604
East;2023-12-17 To 2023-12-23;70535;22604
East;2023-12-24 To 2023-12-30;73661;22604
East;2023-12-31 To 2024-01-06;62959;22604
East;2024-01-07 To 2024-01-13;66408;22604
East;2024-01-14 To 2024-01-20;67315;22604
East;2024-01-21 To 2024-01-27;83925;22604
East;2024-01-28 To 2024-02-03;86409;22604
East;2024-02-04 To 2024-02-10;69933;22604
East;2024-02-11 To 2024-02-17;64592;22604
East;2024-02-18 To 2024-02-24;73963;22604
East;2024-02-25 To 2024-03-02;76209;22604
East;2024-03-03 To 2024-03-09;77857;22604
East;2024-03-10 To 2024-03-16;77242;22604
East;2024-03-17 To 2024-03-23;69423;22604
East;2024-03-24 To 2024-03-30;93997;22604
East;2024-03-31 To 2024-04-06;78094;22604
East;2024-04-07 To 2024-04-13;80334;22604
East;2024-04-14 To 2024-04-20;65520;22604
East;2024-04-21 To 2024-04-27;71848;22604
East;2024-04-28 To 2024-05-04;65839;22604
East;2024-05-05 To 2024-05-11;66245;22604
East;2024-05-12 To 2024-05-18;73101;22604
East;2024-05-19 To 2024-05-25;98014;22604
East;2024-05-26 To 2024-06-01;101956;22604
East;2024-06-02 To 2024-06-08;86213;22604
East;2024-06-09 To 2024-06-15;77697;22604
East;2024-06-16 To 2024-06-22;73546;22604
East;2024-06-23 To 2024-06-29;87137;22604
East;2024-06-30 To 2024-07-06;88285;22604
East;2024-07-07 To 2024-07-13;80838;22604
East;2024-07-14 To 2024-07-20;78534;22604
East;2024-07-21 To 2024-07-27;80768;22604
East;2024-07-28 To 2024-08-03;76089;22604
East;2024-08-04 To 2024-08-10;72348;22604
East;2024-08-11 To 2024-08-17;70671;22604
East;2024-08-18 To 2024-08-24;82852;22604
East;2024-08-25 To 2024-08-31;86343;22604
East;2024-09-01 To 2024-09-07;72582;22604
East;2024-09-08 To 2024-09-14;80007;22604
East;2024-09-15 To 2024-09-21;83759;22604
East;2024-09-22 To 2024-09-28;73839;22604
East;2024-09-29 To 2024-10-05;71093;22604
East;2024-10-06 To 2024-10-12;75866;22604
East;2024-10-13 To 2024-10-19;77704;22604
East;2024-10-20 To 2024-10-26;64100;22604
East;2024-10-27 To 2024-11-02;81873;22604
East;2024-11-03 To 2024-11-09;81665;22604
East;2024-11-10 To 2024-11-16;83164;22604
East;2024-11-17 To 2024-11-23;80275;22604
East;2024-11-24 To 2024-11-30;76025;22604
East;2024-12-01 To 2024-12-07;85069;22604
East;2024-12-08 To 2024-12-14;71892;22604
East;2024-12-15 To 2024-12-21;69727;22604
East;2024-12-22 To 2024-12-28;81713;22604
East;2024-12-29 To 2025-01-04;79562;22604
East;2023-10-01 To 2023-10-07;118438;26227
East;2023-10-08 To 2023-10-14;110529;26227
East;2023-10-15 To 2023-10-21;115834;26227
East;2023-10-22 To 2023-10-28;110141;26227
East;2023-10-29 To 2023-11-04;98316;26227
East;2023-11-05 To 2023-11-11;90749;26227
East;2023-11-12 To 2023-11-18;90705;26227
East;2023-11-19 To 2023-11-25;90697;26227
East;2023-11-26 To 2023-12-02;89426;26227
East;2023-12-03 To 2023-12-09;90627;26227
East;2023-12-10 To 2023-12-16;87493;26227
East;2023-12-17 To 2023-12-23;80097;26227
East;2023-12-24 To 2023-12-30;105061;26227
East;2023-12-31 To 2024-01-06;107005;26227
East;2024-01-07 To 2024-01-13;112467;26227
East;2024-01-14 To 2024-01-20;110233;26227
East;2024-01-21 To 2024-01-27;114773;26227
East;2024-01-28 To 2024-02-03;111670;26227
East;2024-02-04 To 2024-02-10;104841;26227
East;2024-02-11 To 2024-02-17;97788;26227
East;2024-02-18 To 2024-02-24;93896;26227
East;2024-02-25 To 2024-03-02;104550;26227
East;2024-03-03 To 2024-03-09;104019;26227
East;2024-03-10 To 2024-03-16;107421;26227
East;2024-03-17 To 2024-03-23;106012;26227
East;2024-03-24 To 2024-03-30;120823;26227
East;2024-03-31 To 2024-04-06;114462;26227
East;2024-04-07 To 2024-04-13;107531;26227
East;2024-04-14 To 2024-04-20;92302;26227
East;2024-04-21 To 2024-04-27;74639;26227
East;2024-04-28 To 2024-05-04;79827;26227
East;2024-05-05 To 2024-05-11;94280;26227
East;2024-05-12 To 2024-05-18;99322;26227
East;2024-05-19 To 2024-05-25;100947;26227
East;2024-05-26 To 2024-06-01;88571;26227
East;2024-06-02 To 2024-06-08;92728;26227
East;2024-06-09 To 2024-06-15;93703;26227
East;2024-06-16 To 2024-06-22;104413;26227
East;2024-06-23 To 2024-06-29;112653;26227
East;2024-06-30 To 2024-07-06;111499;26227
East;2024-07-07 To 2024-07-13;114420;26227
East;2024-07-14 To 2024-07-20;108308;26227
East;2024-07-21 To 2024-07-27;105432;26227
East;2024-07-28 To 2024-08-03;113674;26227
East;2024-08-04 To 2024-08-10;113045;26227
East;2024-08-11 To 2024-08-17;113419;26227
East;2024-08-18 To 2024-08-24;126216;26227
East;2024-08-25 To 2024-08-31;124302;26227
East;2024-09-01 To 2024-09-07;127556;26227
East;2024-09-08 To 2024-09-14;125845;26227
East;2024-09-15 To 2024-09-21;124532;26227
East;2024-09-22 To 2024-09-28;108755;26227
East;2024-09-29 To 2024-10-05;107565;26227
East;2024-10-06 To 2024-10-12;102421;26227
East;2024-10-13 To 2024-10-19;103682;26227
East;2024-10-20 To 2024-10-26;109064;26227
East;2024-10-27 To 2024-11-02;104913;26227
East;2024-11-03 To 2024-11-09;116828;26227
East;2024-11-10 To 2024-11-16;117083;26227
East;2024-11-17 To 2024-11-23;105310;26227
East;2024-11-24 To 2024-11-30;95804;26227
East;2024-12-01 To 2024-12-07;97994;26227
East;2024-12-08 To 2024-12-14;111331;26227
East;2024-12-15 To 2024-12-21;107524;26227
East;2024-12-22 To 2024-12-28;117935;26227
East;2024-12-29 To 2025-01-04;112233;26227
East;2023-10-01 To 2023-10-07;90265;26254
East;2023-10-08 To 2023-10-14;92237;26254
East;2023-10-15 To 2023-10-21;82325;26254
East;2023-10-22 To 2023-10-28;85159;26254
East;2023-10-29 To 2023-11-04;114616;26254
East;2023-11-05 To 2023-11-11;114181;26254
East;2023-11-12 To 2023-11-18;112304;26254
East;2023-11-19 To 2023-11-25;108031;26254
East;2023-11-26 To 2023-12-02;114739;26254
East;2023-12-03 To 2023-12-09;113438;26254
East;2023-12-10 To 2023-12-16;121652;26254
East;2023-12-17 To 2023-12-23;108401;26254
East;2023-12-24 To 2023-12-30;101013;26254
East;2023-12-31 To 2024-01-06;111860;26254
East;2024-01-07 To 2024-01-13;109302;26254
East;2024-01-14 To 2024-01-20;116477;26254
East;2024-01-21 To 2024-01-27;109597;26254
East;2024-01-28 To 2024-02-03;118428;26254
East;2024-02-04 To 2024-02-10;111277;26254
East;2024-02-11 To 2024-02-17;110860;26254
East;2024-02-18 To 2024-02-24;103238;26254
East;2024-02-25 To 2024-03-02;111414;26254
East;2024-03-03 To 2024-03-09;97055;26254
East;2024-03-10 To 2024-03-16;105984;26254
East;2024-03-17 To 2024-03-23;102901;26254
East;2024-03-24 To 2024-03-30;110397;26254
East;2024-03-31 To 2024-04-06;109807;26254
East;2024-04-07 To 2024-04-13;107030;26254
East;2024-04-14 To 2024-04-20;113515;26254
East;2024-04-21 To 2024-04-27;101667;26254
East;2024-04-28 To 2024-05-04;103102;26254
East;2024-05-05 To 2024-05-11;118186;26254
East;2024-05-12 To 2024-05-18;125352;26254
East;2024-05-19 To 2024-05-25;127251;26254
East;2024-05-26 To 2024-06-01;129196;26254
East;2024-06-02 To 2024-06-08;131752;26254
East;2024-06-09 To 2024-06-15;125181;26254
East;2024-06-16 To 2024-06-22;133279;26254
East;2024-06-23 To 2024-06-29;127252;26254
East;2024-06-30 To 2024-07-06;121953;26254
East;2024-07-07 To 2024-07-13;130292;26254
East;2024-07-14 To 2024-07-20;123526;26254
East;2024-07-21 To 2024-07-27;117445;26254
East;2024-07-28 To 2024-08-03;119610;26254
East;2024-08-04 To 2024-08-10;121057;26254
East;2024-08-11 To 2024-08-17;108476;26254
East;2024-08-18 To 2024-08-24;141057;26254
East;2024-08-25 To 2024-08-31;134918;26254
East;2024-09-01 To 2024-09-07;130344;26254
East;2024-09-08 To 2024-09-14;130929;26254
East;2024-09-15 To 2024-09-21;131284;26254
East;2024-09-22 To 2024-09-28;125788;26254
East;2024-09-29 To 2024-10-05;125007;26254
East;2024-10-06 To 2024-10-12;131769;26254
East;2024-10-13 To 2024-10-19;135910;26254
East;2024-10-20 To 2024-10-26;150926;26254
East;2024-10-27 To 2024-11-02;133137;26254
East;2024-11-03 To 2024-11-09;146929;26254
East;2024-11-10 To 2024-11-16;142487;26254
East;2024-11-17 To 2024-11-23;145994;26254
East;2024-11-24 To 2024-11-30;140508;26254
East;2024-12-01 To 2024-12-07;144375;26254
East;2024-12-08 To 2024-12-14;145686;26254
East;2024-12-15 To 2024-12-21;143252;26254
East;2024-12-22 To 2024-12-28;125891;26254
East;2024-12-29 To 2025-01-04;136499;26254
East;2023-10-01 To 2023-10-07;60055;26391
East;2023-10-08 To 2023-10-14;80972;26391
East;2023-10-15 To 2023-10-21;72261;26391
East;2023-10-22 To 2023-10-28;63545;26391
East;2023-10-29 To 2023-11-04;58071;26391
East;2023-11-05 To 2023-11-11;46682;26391
East;2023-11-12 To 2023-11-18;48975;26391
East;2023-11-19 To 2023-11-25;56479;26391
East;2023-11-26 To 2023-12-02;56645;26391
East;2023-12-03 To 2023-12-09;52937;26391
East;2023-12-10 To 2023-12-16;61323;26391
East;2023-12-17 To 2023-12-23;50300;26391
East;2023-12-24 To 2023-12-30;57183;26391
East;2023-12-31 To 2024-01-06;58019;26391
East;2024-01-07 To 2024-01-13;60708;26391
East;2024-01-14 To 2024-01-20;57902;26391
East;2024-01-21 To 2024-01-27;66669;26391
East;2024-01-28 To 2024-02-03;60357;26391
East;2024-02-04 To 2024-02-10;58213;26391
East;2024-02-11 To 2024-02-17;56704;26391
East;2024-02-18 To 2024-02-24;61051;26391
East;2024-02-25 To 2024-03-02;66871;26391
East;2024-03-03 To 2024-03-09;54951;26391
East;2024-03-10 To 2024-03-16;48270;26391
East;2024-03-17 To 2024-03-23;46195;26391
East;2024-03-24 To 2024-03-30;54425;26391
East;2024-03-31 To 2024-04-06;64950;26391
East;2024-04-07 To 2024-04-13;78514;26391
East;2024-04-14 To 2024-04-20;76249;26391
East;2024-04-21 To 2024-04-27;61087;26391
East;2024-04-28 To 2024-05-04;62575;26391
East;2024-05-05 To 2024-05-11;58055;26391
East;2024-05-12 To 2024-05-18;87489;26391
East;2024-05-19 To 2024-05-25;85625;26391
East;2024-05-26 To 2024-06-01;72858;26391
East;2024-06-02 To 2024-06-08;61122;26391
East;2024-06-09 To 2024-06-15;56707;26391
East;2024-06-16 To 2024-06-22;65178;26391
East;2024-06-23 To 2024-06-29;71798;26391
East;2024-06-30 To 2024-07-06;79981;26391
East;2024-07-07 To 2024-07-13;81123;26391
East;2024-07-14 To 2024-07-20;83445;26391
East;2024-07-21 To 2024-07-27;69898;26391
East;2024-07-28 To 2024-08-03;58076;26391
East;2024-08-04 To 2024-08-10;60904;26391
East;2024-08-11 To 2024-08-17;64802;26391
East;2024-08-18 To 2024-08-24;60690;26391
East;2024-08-25 To 2024-08-31;57117;26391
East;2024-09-01 To 2024-09-07;55132;26391
East;2024-09-08 To 2024-09-14;56471;26391
East;2024-09-15 To 2024-09-21;53821;26391
East;2024-09-22 To 2024-09-28;46888;26391
East;2024-09-29 To 2024-10-05;54931;26391
East;2024-10-06 To 2024-10-12;65476;26391
East;2024-10-13 To 2024-10-19;67268;26391
East;2024-10-20 To 2024-10-26;54085;26391
East;2024-10-27 To 2024-11-02;57363;26391
East;2024-11-03 To 2024-11-09;71654;26391
East;2024-11-10 To 2024-11-16;64861;26391
East;2024-11-17 To 2024-11-23;69299;26391
East;2024-11-24 To 2024-11-30;67071;26391
East;2024-12-01 To 2024-12-07;65476;26391
East;2024-12-08 To 2024-12-14;68678;26391
East;2024-12-15 To 2024-12-21;85510;26391
East;2024-12-22 To 2024-12-28;79424;26391
East;2024-12-29 To 2025-01-04;83572;26391
East;2023-10-01 To 2023-10-07;85054;27510
East;2023-10-08 To 2023-10-14;90625;27510
East;2023-10-15 To 2023-10-21;84198;27510
East;2023-10-22 To 2023-10-28;98542;27510
East;2023-10-29 To 2023-11-04;146355;27510
East;2023-11-05 To 2023-11-11;126698;27510
East;2023-11-12 To 2023-11-18;136457;27510
East;2023-11-19 To 2023-11-25;131236;27510
East;2023-11-26 To 2023-12-02;132017;27510
East;2023-12-03 To 2023-12-09;108834;27510
East;2023-12-10 To 2023-12-16;117348;27510
East;2023-12-17 To 2023-12-23;119117;27510
East;2023-12-24 To 2023-12-30;114116;27510
East;2023-12-31 To 2024-01-06;105626;27510
East;2024-01-07 To 2024-01-13;103818;27510
East;2024-01-14 To 2024-01-20;109965;27510
East;2024-01-21 To 2024-01-27;104337;27510
East;2024-01-28 To 2024-02-03;107136;27510
East;2024-02-04 To 2024-02-10;116505;27510
East;2024-02-11 To 2024-02-17;114177;27510
East;2024-02-18 To 2024-02-24;105271;27510
East;2024-02-25 To 2024-03-02;101868;27510
East;2024-03-03 To 2024-03-09;102919;27510
East;2024-03-10 To 2024-03-16;117799;27510
East;2024-03-17 To 2024-03-23;113278;27510
East;2024-03-24 To 2024-03-30;111052;27510
East;2024-03-31 To 2024-04-06;114448;27510
East;2024-04-07 To 2024-04-13;110020;27510
East;2024-04-14 To 2024-04-20;103478;27510
East;2024-04-21 To 2024-04-27;89760;27510
East;2024-04-28 To 2024-05-04;87096;27510
East;2024-05-05 To 2024-05-11;94720;27510
East;2024-05-12 To 2024-05-18;104394;27510
East;2024-05-19 To 2024-05-25;115011;27510
East;2024-05-26 To 2024-06-01;121917;27510
East;2024-06-02 To 2024-06-08;119425;27510
East;2024-06-09 To 2024-06-15;117211;27510
East;2024-06-16 To 2024-06-22;117244;27510
East;2024-06-23 To 2024-06-29;116368;27510
East;2024-06-30 To 2024-07-06;114584;27510
East;2024-07-07 To 2024-07-13;115780;27510
East;2024-07-14 To 2024-07-20;111934;27510
East;2024-07-21 To 2024-07-27;112429;27510
East;2024-07-28 To 2024-08-03;106364;27510
East;2024-08-04 To 2024-08-10;100893;27510
East;2024-08-11 To 2024-08-17;110341;27510
East;2024-08-18 To 2024-08-24;106937;27510
East;2024-08-25 To 2024-08-31;109788;27510
East;2024-09-01 To 2024-09-07;108598;27510
East;2024-09-08 To 2024-09-14;105849;27510
East;2024-09-15 To 2024-09-21;107826;27510
East;2024-09-22 To 2024-09-28;111782;27510
East;2024-09-29 To 2024-10-05;101504;27510
East;2024-10-06 To 2024-10-12;103199;27510
East;2024-10-13 To 2024-10-19;116107;27510
East;2024-10-20 To 2024-10-26;101169;27510
East;2024-10-27 To 2024-11-02;102839;27510
East;2024-11-03 To 2024-11-09;103560;27510
East;2024-11-10 To 2024-11-16;113498;27510
East;2024-11-17 To 2024-11-23;112254;27510
East;2024-11-24 To 2024-11-30;106965;27510
East;2024-12-01 To 2024-12-07;116476;27510
East;2024-12-08 To 2024-12-14;116723;27510
East;2024-12-15 To 2024-12-21;107429;27510
East;2024-12-22 To 2024-12-28;115844;27510
East;2024-12-29 To 2025-01-04;119744;27510
East;2023-10-01 To 2023-10-07;19694;27518
East;2023-10-08 To 2023-10-14;25587;27518
East;2023-10-15 To 2023-10-21;19616;27518
East;2023-10-22 To 2023-10-28;17623;27518
East;2023-10-29 To 2023-11-04;26550;27518
East;2023-11-05 To 2023-11-11;30351;27518
East;2023-11-12 To 2023-11-18;29114;27518
East;2023-11-19 To 2023-11-25;26943;27518
East;2023-11-26 To 2023-12-02;26497;27518
East;2023-12-03 To 2023-12-09;24468;27518
East;2023-12-10 To 2023-12-16;24127;27518
East;2023-12-17 To 2023-12-23;22906;27518
East;2023-12-24 To 2023-12-30;20675;27518
East;2023-12-31 To 2024-01-06;20463;27518
East;2024-01-07 To 2024-01-13;20508;27518
East;2024-01-14 To 2024-01-20;20721;27518
East;2024-01-21 To 2024-01-27;21312;27518
East;2024-01-28 To 2024-02-03;20651;27518
East;2024-02-04 To 2024-02-10;22286;27518
East;2024-02-11 To 2024-02-17;21961;27518
East;2024-02-18 To 2024-02-24;20053;27518
East;2024-02-25 To 2024-03-02;21521;27518
East;2024-03-03 To 2024-03-09;26200;27518
East;2024-03-10 To 2024-03-16;25333;27518
East;2024-03-17 To 2024-03-23;23517;27518
East;2024-03-24 To 2024-03-30;24578;27518
East;2024-03-31 To 2024-04-06;25317;27518
East;2024-04-07 To 2024-04-13;25901;27518
East;2024-04-14 To 2024-04-20;27184;27518
East;2024-04-21 To 2024-04-27;29195;27518
East;2024-04-28 To 2024-05-04;25972;27518
East;2024-05-05 To 2024-05-11;29866;27518
East;2024-05-12 To 2024-05-18;33181;27518
East;2024-05-19 To 2024-05-25;29982;27518
East;2024-05-26 To 2024-06-01;26020;27518
East;2024-06-02 To 2024-06-08;26167;27518
East;2024-06-09 To 2024-06-15;24561;27518
East;2024-06-16 To 2024-06-22;25025;27518
East;2024-06-23 To 2024-06-29;22496;27518
East;2024-06-30 To 2024-07-06;24213;27518
East;2024-07-07 To 2024-07-13;25699;27518
East;2024-07-14 To 2024-07-20;25523;27518
East;2024-07-21 To 2024-07-27;25690;27518
East;2024-07-28 To 2024-08-03;23925;27518
East;2024-08-04 To 2024-08-10;24872;27518
East;2024-08-11 To 2024-08-17;22951;27518
East;2024-08-18 To 2024-08-24;28409;27518
East;2024-08-25 To 2024-08-31;27031;27518
East;2024-09-01 To 2024-09-07;29217;27518
East;2024-09-08 To 2024-09-14;26806;27518
East;2024-09-15 To 2024-09-21;29432;27518
East;2024-09-22 To 2024-09-28;27017;27518
East;2024-09-29 To 2024-10-05;26460;27518
East;2024-10-06 To 2024-10-12;23358;27518
East;2024-10-13 To 2024-10-19;28820;27518
East;2024-10-20 To 2024-10-26;24296;27518
East;2024-10-27 To 2024-11-02;27385;27518
East;2024-11-03 To 2024-11-09;25270;27518
East;2024-11-10 To 2024-11-16;27216;27518
East;2024-11-17 To 2024-11-23;26622;27518
East;2024-11-24 To 2024-11-30;24397;27518
East;2024-12-01 To 2024-12-07;27004;27518
East;2024-12-08 To 2024-12-14;25028;27518
East;2024-12-15 To 2024-12-21;24842;27518
East;2024-12-22 To 2024-12-28;20812;27518
East;2024-12-29 To 2025-01-04;22628;27518
North;2023-10-01 To 2023-10-07;54260;22602
North;2023-10-08 To 2023-10-14;63241;22602
North;2023-10-15 To 2023-10-21;46771;22602
North;2023-10-22 To 2023-10-28;43979;22602
North;2023-10-29 To 2023-11-04;41214;22602
North;2023-11-05 To 2023-11-11;35076;22602
North;2023-11-12 To 2023-11-18;37667;22602
North;2023-11-19 To 2023-11-25;39008;22602
North;2023-11-26 To 2023-12-02;36061;22602
North;2023-12-03 To 2023-12-09;41979;22602
North;2023-12-10 To 2023-12-16;43996;22602
North;2023-12-17 To 2023-12-23;34315;22602
North;2023-12-24 To 2023-12-30;48248;22602
North;2023-12-31 To 2024-01-06;53678;22602
North;2024-01-07 To 2024-01-13;51725;22602
North;2024-01-14 To 2024-01-20;56541;22602
North;2024-01-21 To 2024-01-27;54472;22602
North;2024-01-28 To 2024-02-03;46629;22602
North;2024-02-04 To 2024-02-10;39983;22602
North;2024-02-11 To 2024-02-17;42968;22602
North;2024-02-18 To 2024-02-24;34750;22602
North;2024-02-25 To 2024-03-02;44596;22602
North;2024-03-03 To 2024-03-09;43629;22602
North;2024-03-10 To 2024-03-16;42891;22602
North;2024-03-17 To 2024-03-23;42166;22602
North;2024-03-24 To 2024-03-30;54418;22602
North;2024-03-31 To 2024-04-06;58225;22602
North;2024-04-07 To 2024-04-13;56414;22602
North;2024-04-14 To 2024-04-20;48396;22602
North;2024-04-21 To 2024-04-27;39816;22602
North;2024-04-28 To 2024-05-04;39327;22602
North;2024-05-05 To 2024-05-11;44510;22602
North;2024-05-12 To 2024-05-18;54581;22602
North;2024-05-19 To 2024-05-25;54967;22602
North;2024-05-26 To 2024-06-01;37812;22602
North;2024-06-02 To 2024-06-08;46701;22602
North;2024-06-09 To 2024-06-15;46173;22602
North;2024-06-16 To 2024-06-22;48462;22602
North;2024-06-23 To 2024-06-29;59365;22602
North;2024-06-30 To 2024-07-06;55784;22602
North;2024-07-07 To 2024-07-13;59813;22602
North;2024-07-14 To 2024-07-20;57044;22602
North;2024-07-21 To 2024-07-27;47614;22602
North;2024-07-28 To 2024-08-03;34801;22602
North;2024-08-04 To 2024-08-10;39105;22602
North;2024-08-11 To 2024-08-17;41377;22602
North;2024-08-18 To 2024-08-24;50230;22602
North;2024-08-25 To 2024-08-31;57825;22602
North;2024-09-01 To 2024-09-07;47649;22602
North;2024-09-08 To 2024-09-14;50636;22602
North;2024-09-15 To 2024-09-21;47672;22602
North;2024-09-22 To 2024-09-28;47898;22602
North;2024-09-29 To 2024-10-05;40501;22602
North;2024-10-06 To 2024-10-12;47213;22602
North;2024-10-13 To 2024-10-19;47453;22602
North;2024-10-20 To 2024-10-26;43478;22602
North;2024-10-27 To 2024-11-02;39715;22602
North;2024-11-03 To 2024-11-09;50338;22602
North;2024-11-10 To 2024-11-16;53245;22602
North;2024-11-17 To 2024-11-23;55167;22602
North;2024-11-24 To 2024-11-30;50270;22602
North;2024-12-01 To 2024-12-07;49867;22602
North;2024-12-08 To 2024-12-14;52994;22602
North;2024-12-15 To 2024-12-21;55497;22602
North;2024-12-22 To 2024-12-28;57823;22602
North;2024-12-29 To 2025-01-04;49223;22602
North;2023-10-01 To 2023-10-07;61676;22605
North;2023-10-08 To 2023-10-14;78344;22605
North;2023-10-15 To 2023-10-21;62785;22605
North;2023-10-22 To 2023-10-28;60077;22605
North;2023-10-29 To 2023-11-04;65686;22605
North;2023-11-05 To 2023-11-11;62041;22605
North;2023-11-12 To 2023-11-18;55202;22605
North;2023-11-19 To 2023-11-25;49211;22605
North;2023-11-26 To 2023-12-02;59808;22605
North;2023-12-03 To 2023-12-09;60648;22605
North;2023-12-10 To 2023-12-16;68486;22605
North;2023-12-17 To 2023-12-23;40154;22605
North;2023-12-24 To 2023-12-30;45886;22605
North;2023-12-31 To 2024-01-06;47810;22605
North;2024-01-07 To 2024-01-13;47358;22605
North;2024-01-14 To 2024-01-20;47756;22605
North;2024-01-21 To 2024-01-27;51211;22605
North;2024-01-28 To 2024-02-03;50438;22605
North;2024-02-04 To 2024-02-10;50885;22605
North;2024-02-11 To 2024-02-17;45006;22605
North;2024-02-18 To 2024-02-24;48581;22605
North;2024-02-25 To 2024-03-02;55986;22605
North;2024-03-03 To 2024-03-09;46544;22605
North;2024-03-10 To 2024-03-16;48996;22605
North;2024-03-17 To 2024-03-23;48964;22605
North;2024-03-24 To 2024-03-30;59435;22605
North;2024-03-31 To 2024-04-06;61382;22605
North;2024-04-07 To 2024-04-13;72874;22605
North;2024-04-14 To 2024-04-20;68098;22605
North;2024-04-21 To 2024-04-27;58248;22605
North;2024-04-28 To 2024-05-04;64895;22605
North;2024-05-05 To 2024-05-11;66693;22605
North;2024-05-12 To 2024-05-18;88843;22605
North;2024-05-19 To 2024-05-25;80390;22605
North;2024-05-26 To 2024-06-01;66046;22605
North;2024-06-02 To 2024-06-08;69917;22605
North;2024-06-09 To 2024-06-15;63918;22605
North;2024-06-16 To 2024-06-22;63545;22605
North;2024-06-23 To 2024-06-29;63520;22605
North;2024-06-30 To 2024-07-06;65391;22605
North;2024-07-07 To 2024-07-13;73836;22605
North;2024-07-14 To 2024-07-20;84169;22605
North;2024-07-21 To 2024-07-27;53212;22605
North;2024-07-28 To 2024-08-03;51602;22605
North;2024-08-04 To 2024-08-10;59286;22605
North;2024-08-11 To 2024-08-17;51743;22605
North;2024-08-18 To 2024-08-24;56528;22605
North;2024-08-25 To 2024-08-31;55942;22605
North;2024-09-01 To 2024-09-07;52289;22605
North;2024-09-08 To 2024-09-14;54283;22605
North;2024-09-15 To 2024-09-21;55836;22605
North;2024-09-22 To 2024-09-28;48695;22605
North;2024-09-29 To 2024-10-05;47208;22605
North;2024-10-06 To 2024-10-12;53223;22605
North;2024-10-13 To 2024-10-19;54761;22605
North;2024-10-20 To 2024-10-26;54343;22605
North;2024-10-27 To 2024-11-02;56437;22605
North;2024-11-03 To 2024-11-09;65867;22605
North;2024-11-10 To 2024-11-16;66247;22605
North;2024-11-17 To 2024-11-23;64874;22605
North;2024-11-24 To 2024-11-30;60973;22605
North;2024-12-01 To 2024-12-07;65015;22605
North;2024-12-08 To 2024-12-14;66659;22605
North;2024-12-15 To 2024-12-21;83991;22605
North;2024-12-22 To 2024-12-28;65369;22605
North;2024-12-29 To 2025-01-04;64647;22605
North;2023-10-01 To 2023-10-07;42534;26249
North;2023-10-08 To 2023-10-14;52496;26249
North;2023-10-15 To 2023-10-21;42908;26249
North;2023-10-22 To 2023-10-28;34167;26249
North;2023-10-29 To 2023-11-04;25478;26249
North;2023-11-05 To 2023-11-11;35666;26249
North;2023-11-12 To 2023-11-18;29435;26249
North;2023-11-19 To 2023-11-25;29368;26249
North;2023-11-26 To 2023-12-02;31893;26249
North;2023-12-03 To 2023-12-09;34526;26249
North;2023-12-10 To 2023-12-16;44453;26249
North;2023-12-17 To 2023-12-23;50411;26249
North;2023-12-24 To 2023-12-30;34780;26249
North;2023-12-31 To 2024-01-06;34847;26249
North;2024-01-07 To 2024-01-13;29077;26249
North;2024-01-14 To 2024-01-20;51977;26249
North;2024-01-21 To 2024-01-27;35207;26249
North;2024-01-28 To 2024-02-03;41032;26249
North;2024-02-04 To 2024-02-10;36910;26249
North;2024-02-11 To 2024-02-17;48489;26249
North;2024-02-18 To 2024-02-24;42819;26249
North;2024-02-25 To 2024-03-02;41089;26249
North;2024-03-03 To 2024-03-09;48719;26249
North;2024-03-10 To 2024-03-16;49413;26249
North;2024-03-17 To 2024-03-23;38472;26249
North;2024-03-24 To 2024-03-30;59629;26249
North;2024-03-31 To 2024-04-06;46026;26249
North;2024-04-07 To 2024-04-13;31868;26249
North;2024-04-14 To 2024-04-20;46885;26249
North;2024-04-21 To 2024-04-27;40300;26249
North;2024-04-28 To 2024-05-04;25242;26249
North;2024-05-05 To 2024-05-11;29252;26249
North;2024-05-12 To 2024-05-18;23820;26249
North;2024-05-19 To 2024-05-25;26790;26249
North;2024-05-26 To 2024-06-01;34634;26249
North;2024-06-02 To 2024-06-08;48070;26249
North;2024-06-09 To 2024-06-15;39828;26249
North;2024-06-16 To 2024-06-22;38954;26249
North;2024-06-23 To 2024-06-29;50080;26249
North;2024-06-30 To 2024-07-06;36976;26249
North;2024-07-07 To 2024-07-13;45845;26249
North;2024-07-14 To 2024-07-20;36844;26249
North;2024-07-21 To 2024-07-27;39972;26249
North;2024-07-28 To 2024-08-03;30635;26249
North;2024-08-04 To 2024-08-10;33565;26249
North;2024-08-11 To 2024-08-17;45187;26249
North;2024-08-18 To 2024-08-24;47718;26249
North;2024-08-25 To 2024-08-31;47025;26249
North;2024-09-01 To 2024-09-07;50988;26249
North;2024-09-08 To 2024-09-14;47649;26249
North;2024-09-15 To 2024-09-21;49870;26249
North;2024-09-22 To 2024-09-28;49230;26249
North;2024-09-29 To 2024-10-05;33738;26249
North;2024-10-06 To 2024-10-12;31009;26249
North;2024-10-13 To 2024-10-19;36448;26249
North;2024-10-20 To 2024-10-26;25789;26249
North;2024-10-27 To 2024-11-02;25432;26249
North;2024-11-03 To 2024-11-09;30948;26249
North;2024-11-10 To 2024-11-16;37933;26249
North;2024-11-17 To 2024-11-23;34601;26249
North;2024-11-24 To 2024-11-30;45409;26249
North;2024-12-01 To 2024-12-07;71166;26249
North;2024-12-08 To 2024-12-14;55254;26249
North;2024-12-15 To 2024-12-21;55883;26249
North;2024-12-22 To 2024-12-28;36093;26249
North;2024-12-29 To 2025-01-04;39427;26249
North;2023-10-01 To 2023-10-07;217803;26256
North;2023-10-08 To 2023-10-14;199981;26256
North;2023-10-15 To 2023-10-21;212043;26256
North;2023-10-22 To 2023-10-28;203885;26256
North;2023-10-29 To 2023-11-04;184918;26256
North;2023-11-05 To 2023-11-11;182235;26256
North;2023-11-12 To 2023-11-18;177023;26256
North;2023-11-19 To 2023-11-25;171148;26256
North;2023-11-26 To 2023-12-02;164221;26256
North;2023-12-03 To 2023-12-09;181779;26256
North;2023-12-10 To 2023-12-16;181537;26256
North;2023-12-17 To 2023-12-23;171241;26256
North;2023-12-24 To 2023-12-30;227675;26256
North;2023-12-31 To 2024-01-06;197362;26256
North;2024-01-07 To 2024-01-13;235561;26256
North;2024-01-14 To 2024-01-20;210640;26256
North;2024-01-21 To 2024-01-27;221812;26256
North;2024-01-28 To 2024-02-03;173232;26256
North;2024-02-04 To 2024-02-10;182074;26256
North;2024-02-11 To 2024-02-17;209200;26256
North;2024-02-18 To 2024-02-24;202116;26256
North;2024-02-25 To 2024-03-02;190396;26256
North;2024-03-03 To 2024-03-09;165749;26256
North;2024-03-10 To 2024-03-16;171501;26256
North;2024-03-17 To 2024-03-23;146968;26256
North;2024-03-24 To 2024-03-30;186806;26256
North;2024-03-31 To 2024-04-06;184665;26256
North;2024-04-07 To 2024-04-13;194500;26256
North;2024-04-14 To 2024-04-20;178522;26256
North;2024-04-21 To 2024-04-27;155234;26256
North;2024-04-28 To 2024-05-04;181706;26256
North;2024-05-05 To 2024-05-11;156871;26256
North;2024-05-12 To 2024-05-18;197058;26256
North;2024-05-19 To 2024-05-25;210225;26256
North;2024-05-26 To 2024-06-01;212108;26256
North;2024-06-02 To 2024-06-08;211413;26256
North;2024-06-09 To 2024-06-15;210390;26256
North;2024-06-16 To 2024-06-22;235568;26256
North;2024-06-23 To 2024-06-29;275790;26256
North;2024-06-30 To 2024-07-06;230256;26256
North;2024-07-07 To 2024-07-13;215385;26256
North;2024-07-14 To 2024-07-20;192094;26256
North;2024-07-21 To 2024-07-27;183085;26256
North;2024-07-28 To 2024-08-03;177155;26256
North;2024-08-04 To 2024-08-10;179341;26256
North;2024-08-11 To 2024-08-17;177822;26256
North;2024-08-18 To 2024-08-24;192193;26256
North;2024-08-25 To 2024-08-31;181847;26256
North;2024-09-01 To 2024-09-07;179071;26256
North;2024-09-08 To 2024-09-14;161319;26256
North;2024-09-15 To 2024-09-21;181995;26256
North;2024-09-22 To 2024-09-28;192977;26256
North;2024-09-29 To 2024-10-05;176065;26256
North;2024-10-06 To 2024-10-12;207420;26256
North;2024-10-13 To 2024-10-19;189107;26256
North;2024-10-20 To 2024-10-26;189246;26256
North;2024-10-27 To 2024-11-02;178457;26256
North;2024-11-03 To 2024-11-09;165642;26256
North;2024-11-10 To 2024-11-16;195550;26256
North;2024-11-17 To 2024-11-23;178964;26256
North;2024-11-24 To 2024-11-30;164770;26256
North;2024-12-01 To 2024-12-07;251986;26256
North;2024-12-08 To 2024-12-14;194631;26256
North;2024-12-15 To 2024-12-21;227057;26256
North;2024-12-22 To 2024-12-28;244162;26256
North;2024-12-29 To 2025-01-04;207814;26256
North;2023-10-01 To 2023-10-07;95215;26268
North;2023-10-08 To 2023-10-14;86441;26268
North;2023-10-15 To 2023-10-21;77160;26268
North;2023-10-22 To 2023-10-28;82603;26268
North;2023-10-29 To 2023-11-04;127130;26268
North;2023-11-05 To 2023-11-11;130179;26268
North;2023-11-12 To 2023-11-18;117286;26268
North;2023-11-19 To 2023-11-25;120641;26268
North;2023-11-26 To 2023-12-02;115896;26268
North;2023-12-03 To 2023-12-09;122682;26268
North;2023-12-10 To 2023-12-16;113927;26268
North;2023-12-17 To 2023-12-23;126583;26268
North;2023-12-24 To 2023-12-30;132682;26268
North;2023-12-31 To 2024-01-06;129412;26268
North;2024-01-07 To 2024-01-13;135217;26268
North;2024-01-14 To 2024-01-20;120894;26268
North;2024-01-21 To 2024-01-27;135866;26268
North;2024-01-28 To 2024-02-03;142917;26268
North;2024-02-04 To 2024-02-10;123639;26268
North;2024-02-11 To 2024-02-17;117292;26268
North;2024-02-18 To 2024-02-24;125893;26268
North;2024-02-25 To 2024-03-02;147857;26268
North;2024-03-03 To 2024-03-09;121613;26268
North;2024-03-10 To 2024-03-16;126533;26268
North;2024-03-17 To 2024-03-23;108444;26268
North;2024-03-24 To 2024-03-30;128512;26268
North;2024-03-31 To 2024-04-06;120629;26268
North;2024-04-07 To 2024-04-13;128985;26268
North;2024-04-14 To 2024-04-20;114815;26268
North;2024-04-21 To 2024-04-27;112003;26268
North;2024-04-28 To 2024-05-04;133189;26268
North;2024-05-05 To 2024-05-11;144546;26268
North;2024-05-12 To 2024-05-18;126858;26268
North;2024-05-19 To 2024-05-25;128672;26268
North;2024-05-26 To 2024-06-01;135656;26268
North;2024-06-02 To 2024-06-08;158724;26268
North;2024-06-09 To 2024-06-15;146789;26268
North;2024-06-16 To 2024-06-22;144694;26268
North;2024-06-23 To 2024-06-29;155744;26268
North;2024-06-30 To 2024-07-06;141142;26268
North;2024-07-07 To 2024-07-13;156057;26268
North;2024-07-14 To 2024-07-20;139455;26268
North;2024-07-21 To 2024-07-27;118684;26268
North;2024-07-28 To 2024-08-03;117832;26268
North;2024-08-04 To 2024-08-10;121407;26268
North;2024-08-11 To 2024-08-17;126842;26268
North;2024-08-18 To 2024-08-24;132134;26268
North;2024-08-25 To 2024-08-31;137528;26268
North;2024-09-01 To 2024-09-07;108373;26268
North;2024-09-08 To 2024-09-14;123797;26268
North;2024-09-15 To 2024-09-21;120762;26268
North;2024-09-22 To 2024-09-28;120267;26268
North;2024-09-29 To 2024-10-05;111593;26268
North;2024-10-06 To 2024-10-12;111691;26268
North;2024-10-13 To 2024-10-19;130267;26268
North;2024-10-20 To 2024-10-26;128397;26268
North;2024-10-27 To 2024-11-02;127322;26268
North;2024-11-03 To 2024-11-09;127810;26268
North;2024-11-10 To 2024-11-16;127348;26268
North;2024-11-17 To 2024-11-23;145138;26268
North;2024-11-24 To 2024-11-30;131161;26268
North;2024-12-01 To 2024-12-07;139287;26268
North;2024-12-08 To 2024-12-14;125502;26268
North;2024-12-15 To 2024-12-21;129747;26268
North;2024-12-22 To 2024-12-28;146467;26268
North;2024-12-29 To 2025-01-04;124542;26268
North;2023-10-01 To 2023-10-07;20906;26340
North;2023-10-08 To 2023-10-14;22008;26340
North;2023-10-15 To 2023-10-21;24268;26340
North;2023-10-22 To 2023-10-28;21139;26340
North;2023-10-29 To 2023-11-04;26039;26340
North;2023-11-05 To 2023-11-11;25514;26340
North;2023-11-12 To 2023-11-18;25645;26340
North;2023-11-19 To 2023-11-25;25317;26340
North;2023-11-26 To 2023-12-02;26150;26340
North;2023-12-03 To 2023-12-09;25285;26340
North;2023-12-10 To 2023-12-16;19945;26340
North;2023-12-17 To 2023-12-23;16386;26340
North;2023-12-24 To 2023-12-30;20265;26340
North;2023-12-31 To 2024-01-06;18120;26340
North;2024-01-07 To 2024-01-13;22380;26340
North;2024-01-14 To 2024-01-20;20602;26340
North;2024-01-21 To 2024-01-27;26580;26340
North;2024-01-28 To 2024-02-03;23768;26340
North;2024-02-04 To 2024-02-10;22277;26340
North;2024-02-11 To 2024-02-17;19012;26340
North;2024-02-18 To 2024-02-24;21728;26340
North;2024-02-25 To 2024-03-02;22436;26340
North;2024-03-03 To 2024-03-09;23753;26340
North;2024-03-10 To 2024-03-16;25868;26340
North;2024-03-17 To 2024-03-23;20824;26340
North;2024-03-24 To 2024-03-30;20404;26340
North;2024-03-31 To 2024-04-06;23522;26340
North;2024-04-07 To 2024-04-13;30837;26340
North;2024-04-14 To 2024-04-20;31351;26340
North;2024-04-21 To 2024-04-27;26442;26340
North;2024-04-28 To 2024-05-04;26084;26340
North;2024-05-05 To 2024-05-11;32021;26340
North;2024-05-12 To 2024-05-18;34896;26340
North;2024-05-19 To 2024-05-25;28939;26340
North;2024-05-26 To 2024-06-01;30298;26340
North;2024-06-02 To 2024-06-08;31977;26340
North;2024-06-09 To 2024-06-15;26553;26340
North;2024-06-16 To 2024-06-22;25725;26340
North;2024-06-23 To 2024-06-29;24676;26340
North;2024-06-30 To 2024-07-06;28346;26340
North;2024-07-07 To 2024-07-13;30277;26340
North;2024-07-14 To 2024-07-20;31053;26340
North;2024-07-21 To 2024-07-27;27119;26340
North;2024-07-28 To 2024-08-03;20627;26340
North;2024-08-04 To 2024-08-10;25304;26340
North;2024-08-11 To 2024-08-17;23981;26340
North;2024-08-18 To 2024-08-24;22814;26340
North;2024-08-25 To 2024-08-31;25345;26340
North;2024-09-01 To 2024-09-07;22267;26340
North;2024-09-08 To 2024-09-14;20629;26340
North;2024-09-15 To 2024-09-21;21249;26340
North;2024-09-22 To 2024-09-28;20481;26340
North;2024-09-29 To 2024-10-05;18810;26340
North;2024-10-06 To 2024-10-12;21714;26340
North;2024-10-13 To 2024-10-19;27762;26340
North;2024-10-20 To 2024-10-26;24661;26340
North;2024-10-27 To 2024-11-02;24292;26340
North;2024-11-03 To 2024-11-09;25506;26340
North;2024-11-10 To 2024-11-16;27958;26340
North;2024-11-17 To 2024-11-23;26028;26340
North;2024-11-24 To 2024-11-30;27067;26340
North;2024-12-01 To 2024-12-07;22236;26340
North;2024-12-08 To 2024-12-14;24649;26340
North;2024-12-15 To 2024-12-21;24979;26340
North;2024-12-22 To 2024-12-28;28008;26340
North;2024-12-29 To 2025-01-04;26904;26340
South;2023-10-01 To 2023-10-07;56575;22603
South;2023-10-08 To 2023-10-14;60812;22603
South;2023-10-15 To 2023-10-21;64542;22603
South;2023-10-22 To 2023-10-28;63281;22603
South;2023-10-29 To 2023-11-04;72603;22603
South;2023-11-05 To 2023-11-11;74152;22603
South;2023-11-12 To 2023-11-18;76112;22603
South;2023-11-19 To 2023-11-25;70128;22603
South;2023-11-26 To 2023-12-02;61418;22603
South;2023-12-03 To 2023-12-09;59383;22603
South;2023-12-10 To 2023-12-16;68431;22603
South;2023-12-17 To 2023-12-23;65765;22603
South;2023-12-24 To 2023-12-30;58264;22603
South;2023-12-31 To 2024-01-06;56017;22603
South;2024-01-07 To 2024-01-13;58463;22603
South;2024-01-14 To 2024-01-20;57411;22603
South;2024-01-21 To 2024-01-27;59005;22603
South;2024-01-28 To 2024-02-03;57757;22603
South;2024-02-04 To 2024-02-10;64880;22603
South;2024-02-11 To 2024-02-17;72166;22603
South;2024-02-18 To 2024-02-24;68679;22603
South;2024-02-25 To 2024-03-02;65999;22603
South;2024-03-03 To 2024-03-09;58281;22603
South;2024-03-10 To 2024-03-16;64210;22603
South;2024-03-17 To 2024-03-23;64586;22603
South;2024-03-24 To 2024-03-30;65528;22603
South;2024-03-31 To 2024-04-06;63955;22603
South;2024-04-07 To 2024-04-13;72179;22603
South;2024-04-14 To 2024-04-20;74433;22603
South;2024-04-21 To 2024-04-27;73749;22603
South;2024-04-28 To 2024-05-04;70898;22603
South;2024-05-05 To 2024-05-11;66406;22603
South;2024-05-12 To 2024-05-18;62808;22603
South;2024-05-19 To 2024-05-25;68349;22603
South;2024-05-26 To 2024-06-01;66757;22603
South;2024-06-02 To 2024-06-08;65026;22603
South;2024-06-09 To 2024-06-15;67418;22603
South;2024-06-16 To 2024-06-22;66328;22603
South;2024-06-23 To 2024-06-29;64175;22603
South;2024-06-30 To 2024-07-06;63386;22603
South;2024-07-07 To 2024-07-13;67270;22603
South;2024-07-14 To 2024-07-20;64951;22603
South;2024-07-21 To 2024-07-27;67388;22603
South;2024-07-28 To 2024-08-03;75705;22603
South;2024-08-04 To 2024-08-10;68276;22603
South;2024-08-11 To 2024-08-17;71595;22603
South;2024-08-18 To 2024-08-24;81085;22603
South;2024-08-25 To 2024-08-31;78294;22603
South;2024-09-01 To 2024-09-07;78997;22603
South;2024-09-08 To 2024-09-14;78398;22603
South;2024-09-15 To 2024-09-21;76602;22603
South;2024-09-22 To 2024-09-28;82870;22603
South;2024-09-29 To 2024-10-05;86638;22603
South;2024-10-06 To 2024-10-12;90917;22603
South;2024-10-13 To 2024-10-19;77216;22603
South;2024-10-20 To 2024-10-26;74020;22603
South;2024-10-27 To 2024-11-02;85586;22603
South;2024-11-03 To 2024-11-09;81316;22603
South;2024-11-10 To 2024-11-16;78476;22603
South;2024-11-17 To 2024-11-23;78883;22603
South;2024-11-24 To 2024-11-30;71448;22603
South;2024-12-01 To 2024-12-07;67814;22603
South;2024-12-08 To 2024-12-14;77275;22603
South;2024-12-15 To 2024-12-21;74470;22603
South;2024-12-22 To 2024-12-28;63837;22603
South;2024-12-29 To 2025-01-04;64842;22603
South;2023-10-01 To 2023-10-07;42347;26226
South;2023-10-08 To 2023-10-14;39392;26226
South;2023-10-15 To 2023-10-21;31990;26226
South;2023-10-22 To 2023-10-28;26057;26226
South;2023-10-29 To 2023-11-04;40604;26226
South;2023-11-05 To 2023-11-11;42132;26226
South;2023-11-12 To 2023-11-18;48920;26226
South;2023-11-19 To 2023-11-25;51226;26226
South;2023-11-26 To 2023-12-02;53329;26226
South;2023-12-03 To 2023-12-09;48522;26226
South;2023-12-10 To 2023-12-16;51076;26226
South;2023-12-17 To 2023-12-23;49085;26226
South;2023-12-24 To 2023-12-30;50730;26226
South;2023-12-31 To 2024-01-06;47218;26226
South;2024-01-07 To 2024-01-13;44561;26226
South;2024-01-14 To 2024-01-20;41905;26226
South;2024-01-21 To 2024-01-27;45021;26226
South;2024-01-28 To 2024-02-03;47310;26226
South;2024-02-04 To 2024-02-10;39457;26226
South;2024-02-11 To 2024-02-17;37410;26226
South;2024-02-18 To 2024-02-24;41171;26226
South;2024-02-25 To 2024-03-02;41694;26226
South;2024-03-03 To 2024-03-09;39609;26226
South;2024-03-10 To 2024-03-16;41437;26226
South;2024-03-17 To 2024-03-23;42787;26226
South;2024-03-24 To 2024-03-30;45768;26226
South;2024-03-31 To 2024-04-06;52971;26226
South;2024-04-07 To 2024-04-13;56060;26226
South;2024-04-14 To 2024-04-20;48689;26226
South;2024-04-21 To 2024-04-27;42134;26226
South;2024-04-28 To 2024-05-04;47183;26226
South;2024-05-05 To 2024-05-11;45739;26226
South;2024-05-12 To 2024-05-18;50009;26226
South;2024-05-19 To 2024-05-25;55028;26226
South;2024-05-26 To 2024-06-01;50495;26226
South;2024-06-02 To 2024-06-08;62756;26226
South;2024-06-09 To 2024-06-15;55303;26226
South;2024-06-16 To 2024-06-22;52988;26226
South;2024-06-23 To 2024-06-29;54010;26226
South;2024-06-30 To 2024-07-06;58134;26226
South;2024-07-07 To 2024-07-13;60361;26226
South;2024-07-14 To 2024-07-20;47651;26226
South;2024-07-21 To 2024-07-27;69701;26226
South;2024-07-28 To 2024-08-03;55601;26226
South;2024-08-04 To 2024-08-10;63942;26226
South;2024-08-11 To 2024-08-17;54007;26226
South;2024-08-18 To 2024-08-24;60096;26226
South;2024-08-25 To 2024-08-31;65468;26226
South;2024-09-01 To 2024-09-07;50833;26226
South;2024-09-08 To 2024-09-14;35241;26226
South;2024-09-15 To 2024-09-21;43261;26226
South;2024-09-22 To 2024-09-28;39886;26226
South;2024-09-29 To 2024-10-05;41377;26226
South;2024-10-06 To 2024-10-12;44503;26226
South;2024-10-13 To 2024-10-19;18902;26226
South;2024-10-20 To 2024-10-26;57003;26226
South;2024-10-27 To 2024-11-02;28395;26226
South;2024-11-03 To 2024-11-09;49107;26226
South;2024-11-10 To 2024-11-16;47324;26226
South;2024-11-17 To 2024-11-23;45036;26226
South;2024-11-24 To 2024-11-30;40585;26226
South;2024-12-01 To 2024-12-07;43362;26226
South;2024-12-08 To 2024-12-14;45414;26226
South;2024-12-15 To 2024-12-21;48368;26226
South;2024-12-22 To 2024-12-28;53826;26226
South;2024-12-29 To 2025-01-04;34579;26226
South;2023-10-01 To 2023-10-07;29195;26250
South;2023-10-08 To 2023-10-14;31268;26250
South;2023-10-15 To 2023-10-21;31058;26250
South;2023-10-22 To 2023-10-28;19784;26250
South;2023-10-29 To 2023-11-04;16276;26250
South;2023-11-05 To 2023-11-11;25942;26250
South;2023-11-12 To 2023-11-18;26966;26250
South;2023-11-19 To 2023-11-25;19249;26250
South;2023-11-26 To 2023-12-02;18540;26250
South;2023-12-03 To 2023-12-09;16691;26250
South;2023-12-10 To 2023-12-16;21657;26250
South;2023-12-17 To 2023-12-23;24119;26250
South;2023-12-24 To 2023-12-30;17514;26250
South;2023-12-31 To 2024-01-06;15513;26250
South;2024-01-07 To 2024-01-13;15332;26250
South;2024-01-14 To 2024-01-20;17652;26250
South;2024-01-21 To 2024-01-27;15952;26250
South;2024-01-28 To 2024-02-03;19957;26250
South;2024-02-04 To 2024-02-10;20623;26250
South;2024-02-11 To 2024-02-17;27623;26250
South;2024-02-18 To 2024-02-24;21323;26250
South;2024-02-25 To 2024-03-02;18953;26250
South;2024-03-03 To 2024-03-09;18254;26250
South;2024-03-10 To 2024-03-16;17572;26250
South;2024-03-17 To 2024-03-23;20820;26250
South;2024-03-24 To 2024-03-30;16988;26250
South;2024-03-31 To 2024-04-06;16130;26250
South;2024-04-07 To 2024-04-13;19562;26250
South;2024-04-14 To 2024-04-20;23515;26250
South;2024-04-21 To 2024-04-27;20656;26250
South;2024-04-28 To 2024-05-04;19590;26250
South;2024-05-05 To 2024-05-11;27392;26250
South;2024-05-12 To 2024-05-18;19095;26250
South;2024-05-19 To 2024-05-25;22209;26250
South;2024-05-26 To 2024-06-01;18569;26250
South;2024-06-02 To 2024-06-08;19504;26250
South;2024-06-09 To 2024-06-15;19173;26250
South;2024-06-16 To 2024-06-22;19653;26250
South;2024-06-23 To 2024-06-29;13526;26250
South;2024-06-30 To 2024-07-06;12297;26250
South;2024-07-07 To 2024-07-13;16722;26250
South;2024-07-14 To 2024-07-20;19278;26250
South;2024-07-21 To 2024-07-27;19725;26250
South;2024-07-28 To 2024-08-03;19796;26250
South;2024-08-04 To 2024-08-10;17153;26250
South;2024-08-11 To 2024-08-17;14258;26250
South;2024-08-18 To 2024-08-24;16895;26250
South;2024-08-25 To 2024-08-31;16929;26250
South;2024-09-01 To 2024-09-07;14608;26250
South;2024-09-08 To 2024-09-14;14119;26250
South;2024-09-15 To 2024-09-21;17350;26250
South;2024-09-22 To 2024-09-28;14140;26250
South;2024-09-29 To 2024-10-05;13300;26250
South;2024-10-06 To 2024-10-12;18087;26250
South;2024-10-13 To 2024-10-19;16590;26250
South;2024-10-20 To 2024-10-26;16402;26250
South;2024-10-27 To 2024-11-02;17165;26250
South;2024-11-03 To 2024-11-09;19332;26250
South;2024-11-10 To 2024-11-16;15501;26250
South;2024-11-17 To 2024-11-23;19226;26250
South;2024-11-24 To 2024-11-30;16130;26250
South;2024-12-01 To 2024-12-07;18662;26250
South;2024-12-08 To 2024-12-14;15660;26250
South;2024-12-15 To 2024-12-21;13438;26250
South;2024-12-22 To 2024-12-28;16459;26250
South;2024-12-29 To 2025-01-04;14127;26250
South;2023-10-01 To 2023-10-07;365306;26320
South;2023-10-08 To 2023-10-14;332416;26320
South;2023-10-15 To 2023-10-21;331729;26320
South;2023-10-22 To 2023-10-28;357480;26320
South;2023-10-29 To 2023-11-04;491897;26320
South;2023-11-05 To 2023-11-11;446277;26320
South;2023-11-12 To 2023-11-18;448209;26320
South;2023-11-19 To 2023-11-25;455342;26320
South;2023-11-26 To 2023-12-02;423353;26320
South;2023-12-03 To 2023-12-09;421676;26320
South;2023-12-10 To 2023-12-16;410231;26320
South;2023-12-17 To 2023-12-23;381482;26320
South;2023-12-24 To 2023-12-30;385517;26320
South;2023-12-31 To 2024-01-06;364325;26320
South;2024-01-07 To 2024-01-13;376754;26320
South;2024-01-14 To 2024-01-20;365824;26320
South;2024-01-21 To 2024-01-27;363871;26320
South;2024-01-28 To 2024-02-03;348555;26320
South;2024-02-04 To 2024-02-10;368769;26320
South;2024-02-11 To 2024-02-17;370687;26320
South;2024-02-18 To 2024-02-24;355153;26320
South;2024-02-25 To 2024-03-02;361600;26320
South;2024-03-03 To 2024-03-09;377280;26320
South;2024-03-10 To 2024-03-16;389534;26320
South;2024-03-17 To 2024-03-23;403190;26320
South;2024-03-24 To 2024-03-30;416519;26320
South;2024-03-31 To 2024-04-06;422844;26320
South;2024-04-07 To 2024-04-13;411413;26320
South;2024-04-14 To 2024-04-20;406736;26320
South;2024-04-21 To 2024-04-27;391291;26320
South;2024-04-28 To 2024-05-04;387735;26320
South;2024-05-05 To 2024-05-11;427368;26320
South;2024-05-12 To 2024-05-18;442061;26320
South;2024-05-19 To 2024-05-25;431904;26320
South;2024-05-26 To 2024-06-01;450607;26320
South;2024-06-02 To 2024-06-08;450619;26320
South;2024-06-09 To 2024-06-15;403447;26320
South;2024-06-16 To 2024-06-22;444832;26320
South;2024-06-23 To 2024-06-29;422559;26320
South;2024-06-30 To 2024-07-06;422881;26320
South;2024-07-07 To 2024-07-13;384707;26320
South;2024-07-14 To 2024-07-20;362615;26320
South;2024-07-21 To 2024-07-27;369031;26320
South;2024-07-28 To 2024-08-03;373677;26320
South;2024-08-04 To 2024-08-10;377440;26320
South;2024-08-11 To 2024-08-17;386293;26320
South;2024-08-18 To 2024-08-24;374767;26320
South;2024-08-25 To 2024-08-31;397783;26320
South;2024-09-01 To 2024-09-07;393258;26320
South;2024-09-08 To 2024-09-14;402918;26320
South;2024-09-15 To 2024-09-21;429668;26320
South;2024-09-22 To 2024-09-28;436394;26320
South;2024-09-29 To 2024-10-05;421238;26320
South;2024-10-06 To 2024-10-12;446556;26320
South;2024-10-13 To 2024-10-19;403051;26320
South;2024-10-20 To 2024-10-26;405287;26320
South;2024-10-27 To 2024-11-02;389000;26320
South;2024-11-03 To 2024-11-09;406689;26320
South;2024-11-10 To 2024-11-16;439914;26320
South;2024-11-17 To 2024-11-23;418952;26320
South;2024-11-24 To 2024-11-30;393746;26320
South;2024-12-01 To 2024-12-07;396067;26320
South;2024-12-08 To 2024-12-14;405166;26320
South;2024-12-15 To 2024-12-21;422735;26320
South;2024-12-22 To 2024-12-28;391918;26320
South;2024-12-29 To 2025-01-04;386580;26320
South;2023-10-01 To 2023-10-07;42240;26339
South;2023-10-08 To 2023-10-14;37990;26339
South;2023-10-15 To 2023-10-21;35390;26339
South;2023-10-22 To 2023-10-28;37795;26339
South;2023-10-29 To 2023-11-04;32836;26339
South;2023-11-05 To 2023-11-11;28980;26339
South;2023-11-12 To 2023-11-18;33146;26339
South;2023-11-19 To 2023-11-25;30543;26339
South;2023-11-26 To 2023-12-02;30259;26339
South;2023-12-03 To 2023-12-09;32655;26339
South;2023-12-10 To 2023-12-16;32553;26339
South;2023-12-17 To 2023-12-23;32617;26339
South;2023-12-24 To 2023-12-30;39345;26339
South;2023-12-31 To 2024-01-06;39472;26339
South;2024-01-07 To 2024-01-13;39803;26339
South;2024-01-14 To 2024-01-20;43403;26339
South;2024-01-21 To 2024-01-27;42889;26339
South;2024-01-28 To 2024-02-03;37743;26339
South;2024-02-04 To 2024-02-10;32564;26339
South;2024-02-11 To 2024-02-17;31734;26339
South;2024-02-18 To 2024-02-24;35036;26339
South;2024-02-25 To 2024-03-02;35863;26339
South;2024-03-03 To 2024-03-09;33122;26339
South;2024-03-10 To 2024-03-16;35402;26339
South;2024-03-17 To 2024-03-23;32853;26339
South;2024-03-24 To 2024-03-30;36164;26339
South;2024-03-31 To 2024-04-06;36179;26339
South;2024-04-07 To 2024-04-13;43782;26339
South;2024-04-14 To 2024-04-20;31635;26339
South;2024-04-21 To 2024-04-27;31628;26339
South;2024-04-28 To 2024-05-04;35480;26339
South;2024-05-05 To 2024-05-11;36586;26339
South;2024-05-12 To 2024-05-18;35837;26339
South;2024-05-19 To 2024-05-25;34762;26339
South;2024-05-26 To 2024-06-01;38476;26339
South;2024-06-02 To 2024-06-08;44508;26339
South;2024-06-09 To 2024-06-15;34808;26339
South;2024-06-16 To 2024-06-22;44085;26339
South;2024-06-23 To 2024-06-29;49220;26339
South;2024-06-30 To 2024-07-06;47205;26339
South;2024-07-07 To 2024-07-13;45268;26339
South;2024-07-14 To 2024-07-20;31306;26339
South;2024-07-21 To 2024-07-27;34566;26339
South;2024-07-28 To 2024-08-03;33071;26339
South;2024-08-04 To 2024-08-10;34935;26339
South;2024-08-11 To 2024-08-17;34921;26339
South;2024-08-18 To 2024-08-24;39044;26339
South;2024-08-25 To 2024-08-31;36365;26339
South;2024-09-01 To 2024-09-07;40171;26339
South;2024-09-08 To 2024-09-14;34191;26339
South;2024-09-15 To 2024-09-21;37514;26339
South;2024-09-22 To 2024-09-28;34960;26339
South;2024-09-29 To 2024-10-05;34208;26339
South;2024-10-06 To 2024-10-12;34390;26339
South;2024-10-13 To 2024-10-19;37829;26339
South;2024-10-20 To 2024-10-26;39239;26339
South;2024-10-27 To 2024-11-02;36361;26339
South;2024-11-03 To 2024-11-09;34153;26339
South;2024-11-10 To 2024-11-16;43160;26339
South;2024-11-17 To 2024-11-23;35817;26339
South;2024-11-24 To 2024-11-30;42598;26339
South;2024-12-01 To 2024-12-07;35125;26339
South;2024-12-08 To 2024-12-14;41422;26339
South;2024-12-15 To 2024-12-21;41802;26339
South;2024-12-22 To 2024-12-28;39004;26339
South;2024-12-29 To 2025-01-04;36562;26339
South;2023-10-01 To 2023-10-07;202317;26341
South;2023-10-08 To 2023-10-14;184793;26341
South;2023-10-15 To 2023-10-21;188774;26341
South;2023-10-22 To 2023-10-28;192432;26341
South;2023-10-29 To 2023-11-04;203583;26341
South;2023-11-05 To 2023-11-11;196468;26341
South;2023-11-12 To 2023-11-18;190951;26341
South;2023-11-19 To 2023-11-25;179843;26341
South;2023-11-26 To 2023-12-02;194532;26341
South;2023-12-03 To 2023-12-09;196243;26341
South;2023-12-10 To 2023-12-16;206443;26341
South;2023-12-17 To 2023-12-23;202036;26341
South;2023-12-24 To 2023-12-30;208756;26341
South;2023-12-31 To 2024-01-06;195071;26341
South;2024-01-07 To 2024-01-13;188889;26341
South;2024-01-14 To 2024-01-20;198186;26341
South;2024-01-21 To 2024-01-27;200890;26341
South;2024-01-28 To 2024-02-03;196223;26341
South;2024-02-04 To 2024-02-10;178266;26341
South;2024-02-11 To 2024-02-17;195765;26341
South;2024-02-18 To 2024-02-24;189150;26341
South;2024-02-25 To 2024-03-02;190008;26341
South;2024-03-03 To 2024-03-09;196727;26341
South;2024-03-10 To 2024-03-16;209393;26341
South;2024-03-17 To 2024-03-23;210447;26341
South;2024-03-24 To 2024-03-30;232558;26341
South;2024-03-31 To 2024-04-06;226474;26341
South;2024-04-07 To 2024-04-13;230964;26341
South;2024-04-14 To 2024-04-20;237839;26341
South;2024-04-21 To 2024-04-27;190122;26341
South;2024-04-28 To 2024-05-04;182539;26341
South;2024-05-05 To 2024-05-11;196240;26341
South;2024-05-12 To 2024-05-18;201764;26341
South;2024-05-19 To 2024-05-25;242756;26341
South;2024-05-26 To 2024-06-01;253570;26341
South;2024-06-02 To 2024-06-08;245415;26341
South;2024-06-09 To 2024-06-15;226458;26341
South;2024-06-16 To 2024-06-22;252332;26341
South;2024-06-23 To 2024-06-29;242581;26341
South;2024-06-30 To 2024-07-06;237613;26341
South;2024-07-07 To 2024-07-13;210904;26341
South;2024-07-14 To 2024-07-20;192115;26341
South;2024-07-21 To 2024-07-27;215170;26341
South;2024-07-28 To 2024-08-03;210846;26341
South;2024-08-04 To 2024-08-10;194003;26341
South;2024-08-11 To 2024-08-17;187915;26341
South;2024-08-18 To 2024-08-24;194922;26341
South;2024-08-25 To 2024-08-31;214896;26341
South;2024-09-01 To 2024-09-07;208686;26341
South;2024-09-08 To 2024-09-14;221295;26341
South;2024-09-15 To 2024-09-21;216172;26341
South;2024-09-22 To 2024-09-28;246541;26341
South;2024-09-29 To 2024-10-05;212156;26341
South;2024-10-06 To 2024-10-12;202746;26341
South;2024-10-13 To 2024-10-19;206360;26341
South;2024-10-20 To 2024-10-26;206300;26341
South;2024-10-27 To 2024-11-02;195389;26341
South;2024-11-03 To 2024-11-09;214265;26341
South;2024-11-10 To 2024-11-16;225141;26341
South;2024-11-17 To 2024-11-23;243847;26341
South;2024-11-24 To 2024-11-30;223405;26341
South;2024-12-01 To 2024-12-07;222093;26341
South;2024-12-08 To 2024-12-14;231878;26341
South;2024-12-15 To 2024-12-21;230825;26341
South;2024-12-22 To 2024-12-28;224620;26341
South;2024-12-29 To 2025-01-04;217590;26341
South;2023-10-01 To 2023-10-07;95309;26380
South;2023-10-08 To 2023-10-14;91314;26380
South;2023-10-15 To 2023-10-21;80027;26380
South;2023-10-22 To 2023-10-28;84284;26380
South;2023-10-29 To 2023-11-04;81859;26380
South;2023-11-05 To 2023-11-11;76265;26380
South;2023-11-12 To 2023-11-18;73644;26380
South;2023-11-19 To 2023-11-25;75033;26380
South;2023-11-26 To 2023-12-02;76282;26380
South;2023-12-03 To 2023-12-09;81752;26380
South;2023-12-10 To 2023-12-16;76547;26380
South;2023-12-17 To 2023-12-23;73732;26380
South;2023-12-24 To 2023-12-30;82472;26380
South;2023-12-31 To 2024-01-06;85348;26380
South;2024-01-07 To 2024-01-13;84009;26380
South;2024-01-14 To 2024-01-20;81234;26380
South;2024-01-21 To 2024-01-27;77131;26380
South;2024-01-28 To 2024-02-03;78226;26380
South;2024-02-04 To 2024-02-10;73002;26380
South;2024-02-11 To 2024-02-17;75496;26380
South;2024-02-18 To 2024-02-24;69572;26380
South;2024-02-25 To 2024-03-02;78830;26380
South;2024-03-03 To 2024-03-09;73656;26380
South;2024-03-10 To 2024-03-16;72131;26380
South;2024-03-17 To 2024-03-23;75540;26380
South;2024-03-24 To 2024-03-30;85689;26380
South;2024-03-31 To 2024-04-06;86070;26380
South;2024-04-07 To 2024-04-13;101065;26380
South;2024-04-14 To 2024-04-20;97172;26380
South;2024-04-21 To 2024-04-27;96494;26380
South;2024-04-28 To 2024-05-04;85599;26380
South;2024-05-05 To 2024-05-11;82338;26380
South;2024-05-12 To 2024-05-18;85725;26380
South;2024-05-19 To 2024-05-25;79285;26380
South;2024-05-26 To 2024-06-01;80982;26380
South;2024-06-02 To 2024-06-08;88489;26380
South;2024-06-09 To 2024-06-15;83994;26380
South;2024-06-16 To 2024-06-22;89368;26380
South;2024-06-23 To 2024-06-29;87870;26380
South;2024-06-30 To 2024-07-06;88419;26380
South;2024-07-07 To 2024-07-13;82226;26380
South;2024-07-14 To 2024-07-20;67969;26380
South;2024-07-21 To 2024-07-27;64730;26380
South;2024-07-28 To 2024-08-03;61878;26380
South;2024-08-04 To 2024-08-10;75464;26380
South;2024-08-11 To 2024-08-17;78011;26380
South;2024-08-18 To 2024-08-24;80821;26380
South;2024-08-25 To 2024-08-31;78914;26380
South;2024-09-01 To 2024-09-07;80106;26380
South;2024-09-08 To 2024-09-14;80781;26380
South;2024-09-15 To 2024-09-21;79716;26380
South;2024-09-22 To 2024-09-28;83580;26380
South;2024-09-29 To 2024-10-05;82735;26380
South;2024-10-06 To 2024-10-12;93437;26380
South;2024-10-13 To 2024-10-19;91702;26380
South;2024-10-20 To 2024-10-26;86124;26380
South;2024-10-27 To 2024-11-02;82021;26380
South;2024-11-03 To 2024-11-09;84478;26380
South;2024-11-10 To 2024-11-16;99269;26380
South;2024-11-17 To 2024-11-23;91909;26380
South;2024-11-24 To 2024-11-30;98353;26380
South;2024-12-01 To 2024-12-07;88004;26380
South;2024-12-08 To 2024-12-14;102018;26380
South;2024-12-15 To 2024-12-21;96207;26380
South;2024-12-22 To 2024-12-28;82288;26380
South;2024-12-29 To 2025-01-04;78452;26380
West;2023-10-01 To 2023-10-07;37662;26225
West;2023-10-08 To 2023-10-14;36330;26225
West;2023-10-15 To 2023-10-21;35308;26225
West;2023-10-22 To 2023-10-28;35562;26225
West;2023-10-29 To 2023-11-04;33621;26225
West;2023-11-05 To 2023-11-11;31920;26225
West;2023-11-12 To 2023-11-18;33395;26225
West;2023-11-19 To 2023-11-25;31307;26225
West;2023-11-26 To 2023-12-02;32412;26225
West;2023-12-03 To 2023-12-09;27558;26225
West;2023-12-10 To 2023-12-16;26460;26225
West;2023-12-17 To 2023-12-23;23449;26225
West;2023-12-24 To 2023-12-30;24107;26225
West;2023-12-31 To 2024-01-06;31143;26225
West;2024-01-07 To 2024-01-13;31310;26225
West;2024-01-14 To 2024-01-20;30550;26225
West;2024-01-21 To 2024-01-27;29232;26225
West;2024-01-28 To 2024-02-03;28309;26225
West;2024-02-04 To 2024-02-10;31505;26225
West;2024-02-11 To 2024-02-17;28631;26225
West;2024-02-18 To 2024-02-24;27921;26225
West;2024-02-25 To 2024-03-02;30573;26225
West;2024-03-03 To 2024-03-09;31863;26225
West;2024-03-10 To 2024-03-16;31965;26225
West;2024-03-17 To 2024-03-23;32297;26225
West;2024-03-24 To 2024-03-30;33383;26225
West;2024-03-31 To 2024-04-06;31355;26225
West;2024-04-07 To 2024-04-13;32808;26225
West;2024-04-14 To 2024-04-20;37892;26225
West;2024-04-21 To 2024-04-27;36705;26225
West;2024-04-28 To 2024-05-04;32201;26225
West;2024-05-05 To 2024-05-11;33918;26225
West;2024-05-12 To 2024-05-18;35427;26225
West;2024-05-19 To 2024-05-25;31780;26225
West;2024-05-26 To 2024-06-01;28557;26225
West;2024-06-02 To 2024-06-08;31648;26225
West;2024-06-09 To 2024-06-15;30011;26225
West;2024-06-16 To 2024-06-22;36340;26225
West;2024-06-23 To 2024-06-29;39373;26225
West;2024-06-30 To 2024-07-06;37702;26225
West;2024-07-07 To 2024-07-13;38878;26225
West;2024-07-14 To 2024-07-20;33692;26225
West;2024-07-21 To 2024-07-27;31706;26225
West;2024-07-28 To 2024-08-03;29573;26225
West;2024-08-04 To 2024-08-10;34214;26225
West;2024-08-11 To 2024-08-17;33241;26225
West;2024-08-18 To 2024-08-24;30787;26225
West;2024-08-25 To 2024-08-31;28609;26225
West;2024-09-01 To 2024-09-07;33544;26225
West;2024-09-08 To 2024-09-14;32378;26225
West;2024-09-15 To 2024-09-21;32185;26225
West;2024-09-22 To 2024-09-28;28867;26225
West;2024-09-29 To 2024-10-05;27333;26225
West;2024-10-06 To 2024-10-12;31951;26225
West;2024-10-13 To 2024-10-19;33019;26225
West;2024-10-20 To 2024-10-26;30597;26225
West;2024-10-27 To 2024-11-02;26830;26225
West;2024-11-03 To 2024-11-09;27223;26225
West;2024-11-10 To 2024-11-16;30870;26225
West;2024-11-17 To 2024-11-23;31378;26225
West;2024-11-24 To 2024-11-30;32976;26225
West;2024-12-01 To 2024-12-07;30418;26225
West;2024-12-08 To 2024-12-14;32726;26225
West;2024-12-15 To 2024-12-21;35050;26225
West;2024-12-22 To 2024-12-28;35893;26225
West;2024-12-29 To 2025-01-04;34805;26225
West;2023-10-01 To 2023-10-07;49139;26248
West;2023-10-08 To 2023-10-14;54042;26248
West;2023-10-15 To 2023-10-21;53522;26248
West;2023-10-22 To 2023-10-28;56927;26248
West;2023-10-29 To 2023-11-04;64769;26248
West;2023-11-05 To 2023-11-11;58004;26248
West;2023-11-12 To 2023-11-18;58965;26248
West;2023-11-19 To 2023-11-25;62805;26248
West;2023-11-26 To 2023-12-02;61686;26248
West;2023-12-03 To 2023-12-09;56368;26248
West;2023-12-10 To 2023-12-16;59068;26248
West;2023-12-17 To 2023-12-23;47667;26248
West;2023-12-24 To 2023-12-30;41982;26248
West;2023-12-31 To 2024-01-06;45777;26248
West;2024-01-07 To 2024-01-13;36887;26248
West;2024-01-14 To 2024-01-20;48634;26248
West;2024-01-21 To 2024-01-27;40722;26248
West;2024-01-28 To 2024-02-03;33690;26248
West;2024-02-04 To 2024-02-10;38233;26248
West;2024-02-11 To 2024-02-17;45291;26248
West;2024-02-18 To 2024-02-24;48006;26248
West;2024-02-25 To 2024-03-02;39818;26248
West;2024-03-03 To 2024-03-09;43382;26248
West;2024-03-10 To 2024-03-16;44861;26248
West;2024-03-17 To 2024-03-23;43537;26248
West;2024-03-24 To 2024-03-30;43794;26248
West;2024-03-31 To 2024-04-06;47635;26248
West;2024-04-07 To 2024-04-13;57511;26248
West;2024-04-14 To 2024-04-20;49561;26248
West;2024-04-21 To 2024-04-27;47492;26248
West;2024-04-28 To 2024-05-04;40797;26248
West;2024-05-05 To 2024-05-11;48989;26248
West;2024-05-12 To 2024-05-18;62391;26248
West;2024-05-19 To 2024-05-25;60407;26248
West;2024-05-26 To 2024-06-01;59794;26248
West;2024-06-02 To 2024-06-08;73339;26248
West;2024-06-09 To 2024-06-15;61303;26248
West;2024-06-16 To 2024-06-22;59119;26248
West;2024-06-23 To 2024-06-29;65393;26248
West;2024-06-30 To 2024-07-06;56717;26248
West;2024-07-07 To 2024-07-13;54129;26248
West;2024-07-14 To 2024-07-20;49159;26248
West;2024-07-21 To 2024-07-27;55633;26248
West;2024-07-28 To 2024-08-03;44860;26248
West;2024-08-04 To 2024-08-10;45520;26248
West;2024-08-11 To 2024-08-17;54013;26248
West;2024-08-18 To 2024-08-24;45422;26248
West;2024-08-25 To 2024-08-31;48142;26248
West;2024-09-01 To 2024-09-07;39642;26248
West;2024-09-08 To 2024-09-14;40651;26248
West;2024-09-15 To 2024-09-21;46523;26248
West;2024-09-22 To 2024-09-28;51278;26248
West;2024-09-29 To 2024-10-05;54412;26248
West;2024-10-06 To 2024-10-12;48312;26248
West;2024-10-13 To 2024-10-19;49118;26248
West;2024-10-20 To 2024-10-26;41151;26248
West;2024-10-27 To 2024-11-02;44363;26248
West;2024-11-03 To 2024-11-09;48428;26248
West;2024-11-10 To 2024-11-16;75486;26248
West;2024-11-17 To 2024-11-23;51425;26248
West;2024-11-24 To 2024-11-30;52995;26248
West;2024-12-01 To 2024-12-07;51304;26248
West;2024-12-08 To 2024-12-14;51651;26248
West;2024-12-15 To 2024-12-21;48818;26248
West;2024-12-22 To 2024-12-28;42841;26248
West;2024-12-29 To 2025-01-04;52039;26248
West;2023-10-01 To 2023-10-07;52344;26255
West;2023-10-08 To 2023-10-14;57858;26255
West;2023-10-15 To 2023-10-21;49446;26255
West;2023-10-22 To 2023-10-28;41021;26255
West;2023-10-29 To 2023-11-04;46628;26255
West;2023-11-05 To 2023-11-11;35085;26255
West;2023-11-12 To 2023-11-18;41513;26255
West;2023-11-19 To 2023-11-25;40608;26255
West;2023-11-26 To 2023-12-02;38705;26255
West;2023-12-03 To 2023-12-09;39720;26255
West;2023-12-10 To 2023-12-16;41379;26255
West;2023-12-17 To 2023-12-23;34080;26255
West;2023-12-24 To 2023-12-30;38169;26255
West;2023-12-31 To 2024-01-06;45500;26255
West;2024-01-07 To 2024-01-13;48243;26255
West;2024-01-14 To 2024-01-20;47290;26255
West;2024-01-21 To 2024-01-27;48651;26255
West;2024-01-28 To 2024-02-03;41862;26255
West;2024-02-04 To 2024-02-10;39568;26255
West;2024-02-11 To 2024-02-17;36172;26255
West;2024-02-18 To 2024-02-24;38703;26255
West;2024-02-25 To 2024-03-02;36570;26255
West;2024-03-03 To 2024-03-09;44677;26255
West;2024-03-10 To 2024-03-16;34792;26255
West;2024-03-17 To 2024-03-23;41056;26255
West;2024-03-24 To 2024-03-30;53218;26255
West;2024-03-31 To 2024-04-06;52963;26255
West;2024-04-07 To 2024-04-13;58372;26255
West;2024-04-14 To 2024-04-20;47863;26255
West;2024-04-21 To 2024-04-27;42984;26255
West;2024-04-28 To 2024-05-04;47961;26255
West;2024-05-05 To 2024-05-11;43767;26255
West;2024-05-12 To 2024-05-18;57756;26255
West;2024-05-19 To 2024-05-25;52440;26255
West;2024-05-26 To 2024-06-01;45751;26255
West;2024-06-02 To 2024-06-08;53131;26255
West;2024-06-09 To 2024-06-15;42307;26255
West;2024-06-16 To 2024-06-22;49398;26255
West;2024-06-23 To 2024-06-29;55230;26255
West;2024-06-30 To 2024-07-06;54388;26255
West;2024-07-07 To 2024-07-13;55366;26255
West;2024-07-14 To 2024-07-20;45910;26255
West;2024-07-21 To 2024-07-27;41554;26255
West;2024-07-28 To 2024-08-03;36131;26255
West;2024-08-04 To 2024-08-10;42333;26255
West;2024-08-11 To 2024-08-17;41868;26255
West;2024-08-18 To 2024-08-24;40325;26255
West;2024-08-25 To 2024-08-31;44720;26255
West;2024-09-01 To 2024-09-07;52276;26255
West;2024-09-08 To 2024-09-14;42494;26255
West;2024-09-15 To 2024-09-21;45204;26255
West;2024-09-22 To 2024-09-28;43676;26255
West;2024-09-29 To 2024-10-05;40169;26255
West;2024-10-06 To 2024-10-12;46149;26255
West;2024-10-13 To 2024-10-19;47580;26255
West;2024-10-20 To 2024-10-26;46196;26255
West;2024-10-27 To 2024-11-02;47061;26255
West;2024-11-03 To 2024-11-09;52434;26255
West;2024-11-10 To 2024-11-16;57658;26255
West;2024-11-17 To 2024-11-23;53741;26255
West;2024-11-24 To 2024-11-30;50690;26255
West;2024-12-01 To 2024-12-07;51555;26255
West;2024-12-08 To 2024-12-14;56297;26255
West;2024-12-15 To 2024-12-21;58096;26255
West;2024-12-22 To 2024-12-28;52037;26255
West;2024-12-29 To 2025-01-04;49251;26255
West;2023-10-01 To 2023-10-07;103681;26343
West;2023-10-08 To 2023-10-14;94652;26343
West;2023-10-15 To 2023-10-21;72503;26343
West;2023-10-22 To 2023-10-28;81027;26343
West;2023-10-29 To 2023-11-04;74369;26343
West;2023-11-05 To 2023-11-11;71192;26343
West;2023-11-12 To 2023-11-18;67372;26343
West;2023-11-19 To 2023-11-25;72623;26343
West;2023-11-26 To 2023-12-02;75195;26343
West;2023-12-03 To 2023-12-09;78033;26343
West;2023-12-10 To 2023-12-16;76596;26343
West;2023-12-17 To 2023-12-23;69481;26343
West;2023-12-24 To 2023-12-30;86429;26343
West;2023-12-31 To 2024-01-06;89128;26343
West;2024-01-07 To 2024-01-13;90864;26343
West;2024-01-14 To 2024-01-20;84480;26343
West;2024-01-21 To 2024-01-27;82744;26343
West;2024-01-28 To 2024-02-03;90639;26343
West;2024-02-04 To 2024-02-10;83592;26343
West;2024-02-11 To 2024-02-17;79251;26343
West;2024-02-18 To 2024-02-24;73910;26343
West;2024-02-25 To 2024-03-02;88672;26343
West;2024-03-03 To 2024-03-09;83259;26343
West;2024-03-10 To 2024-03-16;81941;26343
West;2024-03-17 To 2024-03-23;75637;26343
West;2024-03-24 To 2024-03-30;89676;26343
West;2024-03-31 To 2024-04-06;97292;26343
West;2024-04-07 To 2024-04-13;84746;26343
West;2024-04-14 To 2024-04-20;79876;26343
West;2024-04-21 To 2024-04-27;70603;26343
West;2024-04-28 To 2024-05-04;67575;26343
West;2024-05-05 To 2024-05-11;78308;26343
West;2024-05-12 To 2024-05-18;79329;26343
West;2024-05-19 To 2024-05-25;88480;26343
West;2024-05-26 To 2024-06-01;77088;26343
West;2024-06-02 To 2024-06-08;82540;26343
West;2024-06-09 To 2024-06-15;77773;26343
West;2024-06-16 To 2024-06-22;81156;26343
West;2024-06-23 To 2024-06-29;92383;26343
West;2024-06-30 To 2024-07-06;90017;26343
West;2024-07-07 To 2024-07-13;86979;26343
West;2024-07-14 To 2024-07-20;81158;26343
West;2024-07-21 To 2024-07-27;74869;26343
West;2024-07-28 To 2024-08-03;70042;26343
West;2024-08-04 To 2024-08-10;82634;26343
West;2024-08-11 To 2024-08-17;83650;26343
West;2024-08-18 To 2024-08-24;93700;26343
West;2024-08-25 To 2024-08-31;98248;26343
West;2024-09-01 To 2024-09-07;94498;26343
West;2024-09-08 To 2024-09-14;90717;26343
West;2024-09-15 To 2024-09-21;86625;26343
West;2024-09-22 To 2024-09-28;87445;26343
West;2024-09-29 To 2024-10-05;76211;26343
West;2024-10-06 To 2024-10-12;84429;26343
West;2024-10-13 To 2024-10-19;93617;26343
West;2024-10-20 To 2024-10-26;80896;26343
West;2024-10-27 To 2024-11-02;70196;26343
West;2024-11-03 To 2024-11-09;92064;26343
West;2024-11-10 To 2024-11-16;100656;26343
West;2024-11-17 To 2024-11-23;93597;26343
West;2024-11-24 To 2024-11-30;88961;26343
West;2024-12-01 To 2024-12-07;83882;26343
West;2024-12-08 To 2024-12-14;91339;26343
West;2024-12-15 To 2024-12-21;87684;26343
West;2024-12-22 To 2024-12-28;84783;26343
West;2024-12-29 To 2025-01-04;84855;26343
West;2023-10-01 To 2023-10-07;392286;26266
West;2023-10-08 To 2023-10-14;394732;26266
West;2023-10-15 To 2023-10-21;375461;26266
West;2023-10-22 To 2023-10-28;356411;26266
West;2023-10-29 To 2023-11-04;421984;26266
West;2023-11-05 To 2023-11-11;405635;26266
West;2023-11-12 To 2023-11-18;390517;26266
West;2023-11-19 To 2023-11-25;392924;26266
West;2023-11-26 To 2023-12-02;423389;26266
West;2023-12-03 To 2023-12-09;397093;26266
West;2023-12-10 To 2023-12-16;427667;26266
West;2023-12-17 To 2023-12-23;382940;26266
West;2023-12-24 To 2023-12-30;355927;26266
West;2023-12-31 To 2024-01-06;335543;26266
West;2024-01-07 To 2024-01-13;353609;26266
West;2024-01-14 To 2024-01-20;364364;26266
West;2024-01-21 To 2024-01-27;365567;26266
West;2024-01-28 To 2024-02-03;392940;26266
West;2024-02-04 To 2024-02-10;353270;26266
West;2024-02-11 To 2024-02-17;381646;26266
West;2024-02-18 To 2024-02-24;372037;26266
West;2024-02-25 To 2024-03-02;369060;26266
West;2024-03-03 To 2024-03-09;330904;26266
West;2024-03-10 To 2024-03-16;380550;26266
West;2024-03-17 To 2024-03-23;382690;26266
West;2024-03-24 To 2024-03-30;429530;26266
West;2024-03-31 To 2024-04-06;422767;26266
West;2024-04-07 To 2024-04-13;436230;26266
West;2024-04-14 To 2024-04-20;422204;26266
West;2024-04-21 To 2024-04-27;390752;26266
West;2024-04-28 To 2024-05-04;380707;26266
West;2024-05-05 To 2024-05-11;374698;26266
West;2024-05-12 To 2024-05-18;395227;26266
West;2024-05-19 To 2024-05-25;462727;26266
West;2024-05-26 To 2024-06-01;483349;26266
West;2024-06-02 To 2024-06-08;460745;26266
West;2024-06-09 To 2024-06-15;421406;26266
West;2024-06-16 To 2024-06-22;446860;26266
West;2024-06-23 To 2024-06-29;412814;26266
West;2024-06-30 To 2024-07-06;419409;26266
West;2024-07-07 To 2024-07-13;423024;26266
West;2024-07-14 To 2024-07-20;391483;26266
West;2024-07-21 To 2024-07-27;410243;26266
West;2024-07-28 To 2024-08-03;402240;26266
West;2024-08-04 To 2024-08-10;373979;26266
West;2024-08-11 To 2024-08-17;363864;26266
West;2024-08-18 To 2024-08-24;402095;26266
West;2024-08-25 To 2024-08-31;387907;26266
West;2024-09-01 To 2024-09-07;385806;26266
West;2024-09-08 To 2024-09-14;420287;26266
West;2024-09-15 To 2024-09-21;389934;26266
West;2024-09-22 To 2024-09-28;408670;26266
West;2024-09-29 To 2024-10-05;385969;26266
West;2024-10-06 To 2024-10-12;378477;26266
West;2024-10-13 To 2024-10-19;392728;26266
West;2024-10-20 To 2024-10-26;407531;26266
West;2024-10-27 To 2024-11-02;394140;26266
West;2024-11-03 To 2024-11-09;428854;26266
West;2024-11-10 To 2024-11-16;432878;26266
West;2024-11-17 To 2024-11-23;466552;26266
West;2024-11-24 To 2024-11-30;447473;26266
West;2024-12-01 To 2024-12-07;413313;26266
West;2024-12-08 To 2024-12-14;430469;26266
West;2024-12-15 To 2024-12-21;430608;26266
West;2024-12-22 To 2024-12-28;387209;26266
West;2024-12-29 To 2025-01-04;376849;26266


